contig,start,end,start_rev,end_rev,sense,evalue,matches,gene_type,blast_match,blast_score,blast_nt_diffs,imgt_match,imgt_score,imgt_nt_match,imgt_nt_diffs,likelihood,l_part1,l_part2,v_heptamer,v_nonamer,j_heptamer,j_nonamer,j_frame,d_3_heptamer,d_3_nonamer,d_5_heptamer,d_5_nonamer,functional,notes,aa,v-gene_aligned_aa,seq,seq_gapped,5_rss_start,5_rss_start_rev,5_rss_end,5_rss_end_rev,3_rss_start,3_rss_start_rev,3_rss_end,3_rss_end_rev,l_part1_start,l_part1_start_rev,l_part1_end,l_part1_end_rev,l_part2_start,l_part2_start_rev,l_part2_end,l_part2_end_rev
IGL,16325,16013,1284699,1284387,-,1.13e-09,4,IGLV,IGLV4-97*01,49.52,194,IGLV5-99*01,61.34,,145,5.000744873123894e-18,ATGGCCTGGACCCCTCTCCCCATCGTGCTCCACTCTCACTGCACAGGT,GTTCCCTCTCC,AAGAGTA,GCAAATACA,,,,,,,,pseudo,"Stop codon in V-REGION before 2nd cysteine, BLAST alignment was truncated",QPVLTQQASFSASLEACTRLSHTLRSDLSVGDYVITLIPEQARRYLVSFKSDSKKQPGLQDPQLLLWI*DASPLLSGPFVVTPARGSDKSSPGGTCTVST*YSP,QPVLTQQAS.FSASLEACTRLSHTLRSDLSV...GDYVITLIPEQARRYLVSFKSDSKK...QPGLQDPQLL.LWI*DASPLLSGPFVVTPARGSDKSSPGGTCTVST*YSP,CAGCCTGTGCTGACTCAGCAGGCCTCCTTCTCTGCATCCCTGGAAGCATGTACCAGACTCTCCCACACCCTGAGGAGTGACCTCAGTGTTGGTGACTATGTGATAACTTTGATACCAGAACAGGCCAGGAGATACCTCGTGAGCTTTAAGTCAGACTCAAAGAAGCAACCAGGGCTCCAGGATCCCCAGCTGCTTCTCTGGATCTAAGATGCCTCCCCTCTTCTCTCTGGACCTTTTGTAGTCACCCCTGCTAGAGGTTCTGACAAGTCTAGCCCTGGGGGAACTTGTACTGTGAGCACCTGATATTCCCCAG,CAGCCTGTGCTGACTCAGCAGGCCTCC...TTCTCTGCATCCCTGGAAGCATGTACCAGACTCTCCCACACCCTGAGGAGTGACCTCAGTGTT.........GGTGACTATGTGATAACTTTGATACCAGAACAGGCCAGGAGATACCTCGTGAGCTTTAAGTCAGACTCAAAGAAG.........CAACCAGGGCTCCAGGATCCCCAGCTGCTT...CTCTGGATCTAAGATGCCTCCCCTCTTCTCTCTGGACCTTTTGTAGTCACCCCTGCTAGAGGTTCTGACAAGTCTAGCCCTGGGGGAACTTGTACTGTGAGCACCTGATATTCCCCAG,,,,,16012,1284738,15974,1284700,16505,1284254,16458,1284207,16336,1284386,16326,1284376
IGL,165403,165369,1135343,1135309,-,7.3,1,IGLJ,IGLJ7*01,57.14,29,IGLJ7*01,57.14,,28,0.0,,,,,CATCATG,ATCCCAGCA,0,,,,,pseudo,J-TRP not found,VRSWRPG*PTR,,AGGTCAGGAGTTGGAGACCAGGCTGACCAACAAGG,,165441,1135308,165404,1135271,,,,,,,,,,,,
IGL,411817,411502,889210,888895,-,4.0,1,IGLV,IGLV1S4*01,37.97,244,IGLV5-87*01,43.04,,211,1.3679914391673097e-49,TTTGCTGGGATGCTGAAGTGTCCTGGGGTCTACAGATGCCGCTCACCT,GTTTCTACTCC,CACGCTC,ACCCAGGCA,,,,,,,,pseudo,"Stop codon in V-REGION before 2nd cysteine, BLAST alignment was truncated",MRISRVSPQPPSESGGLPWASDHLSQSFVSP*HTVGPTYTAICRCVY*KCTVKMTYNRCYSKSSRDFSDIPRPKQTTDIPWFCKPEPTTAQKQLLMHHQTLSRPA,MRISRVSPQ.PPSE.SGGLPWASDHLSQSFV...SP*HTVGPTYTAICRCVY*KCTVKM...TYNRCYSKSS.RDFSDIPRPKQTTDIPWFCKPEPTTAQKQLLMHHQTLSRPA,ATGAGGATTTCCAGAGTTTCCCCTCAGCCACCCTCAGAGTCAGGGGGACTCCCATGGGCCAGTGACCATCTGTCCCAGTCTTTCGTGTCTCCATGACACACTGTGGGACCTACGTATACTGCAATATGTAGGTGTGTGTATTGAAAATGTACAGTTAAGATGACCTACAACCGATGCTACTCGAAGTCTTCCAGAGATTTTTCAGATATCCCCAGACCAAAACAAACTACTGACATTCCATGGTTTTGCAAACCAGAACCAACAACTGCACAGAAACAGCTCCTTATGCACCATCAGACACTCTCCAGACCTGCCC,ATGAGGATTTCCAGAGTTTCCCCTCAG...CCACCCTCAGAG...TCAGGGGGACTCCCATGGGCCAGTGACCATCTGTCCCAGTCTTTCGTG.........TCTCCATGACACACTGTGGGACCTACGTATACTGCAATATGTAGGTGTGTGTATTGAAAATGTACAGTTAAGATG.........ACCTACAACCGATGCTACTCGAAGTCTTCC...AGAGATTTTTCAGATATCCCCAGACCAAAACAAACTACTGACATTCCATGGTTTTGCAAACCAGAACCAACAACTGCACAGAAACAGCTCCTTATGCACCATCAGACACTCTCCAGACCTGCCC,,,,,411501,889249,411463,889211,411888,888871,411841,888824,411828,888894,411818,888884
IGL,431501,431468,869244,869211,-,7.3,1,IGLJ,IGLJ5*01,50.0,29,IGLJ5*01,50.0,,26,0.0,,,,,GACTCTG,CTGCTGGGA,0,,,,,pseudo,J-TRP not found,SSRGDKAEEF,,TCAGCTCCAGAGGGGACAAAGCTGAAGAGTTCTC,,431539,869210,431502,869173,,,,,,,,,,,,
IGL,446328,446301,854411,854384,-,2.4,2,IGLJ,IGLJ7*01,35.71,33,IGLJ7*01,35.71,,31,0.0,,,,,CTGCGTG,GTGCTCCCA,0,,,,,pseudo,J-TRP not found,KREQSERQ,,GGAAGAGGGAACAGTCTGAGAGACAGAA,,446366,854383,446329,854346,,,,,,,,,,,,
IGL,477752,477721,822991,822960,-,7.3,1,IGLJ,IGLJ4*01,50.0,35,IGLJ4*01,50.0,,32,0.0,,,,,CCTTCTT,ACTCCATGA,0,,,,,pseudo,J-TRP not found,QLQSASWPLE,,CCCAACTGCAGTCAGCCAGCTGGCCATTGGAG,,477790,822959,477753,822922,,,,,,,,,,,,
IGL,513956,513659,787053,786756,-,2.76e-07,9,IGLV,IGLV2-38*01,49.33,194,IGLV3-27*01,51.68,,160,0.0,CATTGTTATAATAACATGGAGGGTTAAAAATAAACAATTTTGCAGCTG,GGTTAAAAATA,CACAGTG,TCTGATATA,,,,,,,,pseudo,"Leader not found, Stop codon in leader, Stop codon in V-REGION before 2nd cysteine, Nonamer not found, BLAST alignment was truncated",NNFAAGRIYSTTFSWVLENEHHGPTLARYSLCVRKMEMLGAQGDAEPGWVCLTSPSLHGVPT*LSNSVLEDKAALTITGA*AEDEAEYYCALW*RKQPS,NNFAAGRIY.STTFSWVLENEHHGPTLARYS...LCVRKMEMLGAQGDAEPGWVCLT.......SPSLHGVP.T*LSNSV..LEDKAALTITGA*AEDEAEYYCALW*RKQPS,AACAATTTTGCAGCTGGAAGAATATATTCGACCACTTTCTCTTGGGTCCTGGAGAATGAGCATCATGGGCCCACGTTAGCCAGATACAGCCTCTGTGTGAGGAAGATGGAGATGTTAGGAGCACAGGGGGACGCTGAGCCAGGGTGGGTGTGTCTCACGTCCCCATCTCTGCATGGGGTCCCCACTTGATTGTCAAACTCTGTGCTTGAAGACAAGGCTGCCCTCACCATCACAGGGGCCTAGGCTGAAGATGAGGCTGAGTATTATTGTGCTCTGTGGTAGAGGAAGCAGCCATCTC,AACAATTTTGCAGCTGGAAGAATATAT...TCGACCACTTTCTCTTGGGTCCTGGAGAATGAGCATCATGGGCCCACGTTAGCCAGATACAGC.........CTCTGTGTGAGGAAGATGGAGATGTTAGGAGCACAGGGGGACGCTGAGCCAGGGTGGGTGTGTCTCACG.....................TCCCCATCTCTGCATGGGGTCCCC...ACTTGATTGTCAAACTCTGTG......CTTGAAGACAAGGCTGCCCTCACCATCACAGGGGCCTAGGCTGAAGATGAGGCTGAGTATTATTGTGCTCTGTGGTAGAGGAAGCAGCCATCTC,,,,,513658,787091,513621,787054,513988,786771,513941,786724,513967,786755,513957,786745
IGL,513959,513659,787053,786753,-,0.005,4,IGLV,IGLV6-92*01,43.85,204,IGLV3-27*01,50.83,,194,0.0,ACACATTGTTATAATAACATGGAGGGTTAAAAATAAACAATTTTGCAG,GAGGGTTAAAA,CACAGTG,TCTGATATA,,,,,,,,pseudo,"Leader not found, Stop codon in leader, Stop codon in V-REGION before 2nd cysteine, Nonamer not found, BLAST alignment was truncated",INNFAAGRIYSTTFSWVLENEHHGPTLARYSLCVRKMEMLGAQGDAEPGWVCLTSPSLHGVPT*LSNSVLEDKAALTITGA*AEDEAEYYCALW*RKQPS,INNFAAGRI.YSTTFSWVLENEHHGPTLAR....YSLCVRKMEMLGAQGDAEPGWVC.......LTSPSLHG.VPT*LSNSVLEDKAALTITGA*AEDEAEYYCALW*.RKQPS,ATAAACAATTTTGCAGCTGGAAGAATATATTCGACCACTTTCTCTTGGGTCCTGGAGAATGAGCATCATGGGCCCACGTTAGCCAGATACAGCCTCTGTGTGAGGAAGATGGAGATGTTAGGAGCACAGGGGGACGCTGAGCCAGGGTGGGTGTGTCTCACGTCCCCATCTCTGCATGGGGTCCCCACTTGATTGTCAAACTCTGTGCTTGAAGACAAGGCTGCCCTCACCATCACAGGGGCCTAGGCTGAAGATGAGGCTGAGTATTATTGTGCTCTGTGGTAGAGGAAGCAGCCATCTC,ATAAACAATTTTGCAGCTGGAAGAATA...TATTCGACCACTTTCTCTTGGGTCCTGGAGAATGAGCATCATGGGCCCACGTTAGCCAGA............TACAGCCTCTGTGTGAGGAAGATGGAGATGTTAGGAGCACAGGGGGACGCTGAGCCAGGGTGGGTGTGT.....................CTCACGTCCCCATCTCTGCATGGG...GTCCCCACTTGATTGTCAAACTCTGTGCTTGAAGACAAGGCTGCCCTCACCATCACAGGGGCCTAGGCTGAAGATGAGGCTGAGTATTATTGTGCTCTGTGGTAG...AGGAAGCAGCCATCTC,,,,,513658,787091,513621,787054,513991,786768,513944,786721,513970,786752,513960,786742
IGL,513962,513659,787053,786750,-,0.016,9,IGLV,IGLV4-97*01,42.43,192,IGLV3-27*01,49.34,,178,0.0,TGAACACATTGTTATAATAACATGGAGGGTTAAAAATAAACAATTTTG,ATGGAGGGTTA,CACAGTG,TCTGATATA,,,,,,,,pseudo,"Leader not found, Stop codon in leader, Stop codon in V-REGION before 2nd cysteine, Nonamer not found, BLAST alignment was truncated",KINNFAAGRIYSTTFSWVLENEHHGPTLARYSLCVRKMEMLGAQGDAEPGWVCLTSPSLHGVPT*LSNSVLEDKAALTITGA*AEDEAEYYCALW*RKQPS,KINNFAAGR.IYSTTFSWVLENEHHGPTLA.....RYSLCVRKMEMLGAQGDAEPGWVC...LTSPSLHGVP.T*LSNSV..LEDKAALTITGA*AEDEAEYYCALW*RKQPS,AAAATAAACAATTTTGCAGCTGGAAGAATATATTCGACCACTTTCTCTTGGGTCCTGGAGAATGAGCATCATGGGCCCACGTTAGCCAGATACAGCCTCTGTGTGAGGAAGATGGAGATGTTAGGAGCACAGGGGGACGCTGAGCCAGGGTGGGTGTGTCTCACGTCCCCATCTCTGCATGGGGTCCCCACTTGATTGTCAAACTCTGTGCTTGAAGACAAGGCTGCCCTCACCATCACAGGGGCCTAGGCTGAAGATGAGGCTGAGTATTATTGTGCTCTGTGGTAGAGGAAGCAGCCATCTC,AAAATAAACAATTTTGCAGCTGGAAGA...ATATATTCGACCACTTTCTCTTGGGTCCTGGAGAATGAGCATCATGGGCCCACGTTAGCC...............AGATACAGCCTCTGTGTGAGGAAGATGGAGATGTTAGGAGCACAGGGGGACGCTGAGCCAGGGTGGGTGTGT.........CTCACGTCCCCATCTCTGCATGGGGTCCCC...ACTTGATTGTCAAACTCTGTG......CTTGAAGACAAGGCTGCCCTCACCATCACAGGGGCCTAGGCTGAAGATGAGGCTGAGTATTATTGTGCTCTGTGGTAGAGGAAGCAGCCATCTC,,,,,513658,787091,513621,787054,513994,786765,513947,786718,513973,786749,513963,786739
IGL,513974,513659,787053,786738,-,0.002,19,IGLV,IGLV5-87*01,44.94,222,IGLV8-125*02,47.78,,194,0.0,TATTGTGCTTTATGAACACATTGTTATAATAACATGGAGGGTTAAAAA,TGTTATAATAA,CACAGTG,TCTGATATA,,,,,,,,pseudo,"Leader not found, Stop codon in leader, Stop codon in V-REGION before 2nd cysteine, Nonamer not found, BLAST alignment was truncated",HGGLKINNFAAGRIYSTTFSWVLENEHHGPTLARYSLCVRKMEMLGAQGDAEPGWVCLTSPSLHGVPT*LSNSVLEDKAALTITGA*AEDEAEYYCALW*RKQPS,HGGLKINNF.AAGR.IYSTTFSWVLENEHHG...PTLARYSLCVRKMEMLGAQGDAEPG...WVCLTSPSLH.GVPT*LSNSVLEDKAALTITGA*AEDEAEYYCALW*RKQPS,CATGGAGGGTTAAAAATAAACAATTTTGCAGCTGGAAGAATATATTCGACCACTTTCTCTTGGGTCCTGGAGAATGAGCATCATGGGCCCACGTTAGCCAGATACAGCCTCTGTGTGAGGAAGATGGAGATGTTAGGAGCACAGGGGGACGCTGAGCCAGGGTGGGTGTGTCTCACGTCCCCATCTCTGCATGGGGTCCCCACTTGATTGTCAAACTCTGTGCTTGAAGACAAGGCTGCCCTCACCATCACAGGGGCCTAGGCTGAAGATGAGGCTGAGTATTATTGTGCTCTGTGGTAGAGGAAGCAGCCATCTC,CATGGAGGGTTAAAAATAAACAATTTT...GCAGCTGGAAGA...ATATATTCGACCACTTTCTCTTGGGTCCTGGAGAATGAGCATCATGGG.........CCCACGTTAGCCAGATACAGCCTCTGTGTGAGGAAGATGGAGATGTTAGGAGCACAGGGGGACGCTGAGCCAGGG.........TGGGTGTGTCTCACGTCCCCATCTCTGCAT...GGGGTCCCCACTTGATTGTCAAACTCTGTGCTTGAAGACAAGGCTGCCCTCACCATCACAGGGGCCTAGGCTGAAGATGAGGCTGAGTATTATTGTGCTCTGTGGTAGAGGAAGCAGCCATCTC,,,,,513658,787091,513621,787054,514006,786753,513959,786706,513985,786737,513975,786727
IGL,615913,615624,685088,684799,-,4.0,1,IGLV,IGLV1S4*01,42.41,212,IGLV1S4*01,42.41,,197,0.0,GTCCCCAGGGCCTCTCTGCTACCTCCTACACCCGTGTATTTCACTGAG,GGGGTGTCTCC,CAGAATT,ATTCTACAT,,,,,,,,pseudo,"Stop codon in V-REGION before 2nd cysteine, Nonamer not found, BLAST alignment was truncated",QVLWVQFPSFRGSS*IVFLISFWMVSCLVV*V*KYK*LSFLFIFYILFLVEAGSCFIAYAVLELLTPSNSPTSASLVSGL*ASATMSSHEMFLNHS,QVLWVQFPS.FRGSS*IVFLISFWMVSCL......VV*V*KYK*LSFLFIFYILFLV.......EAGSCFIA.YAVLELL..TPSNSPTSASLVSGL*ASATMSSHEMFLNHS,CAGGTCCTGTGGGTGCAGTTCCCTTCCTTCAGAGGGTCCTCCTGAATTGTTTTCTTAATTTCATTTTGGATGGTTTCCTGTTTGGTTGTTTAAGTATAGAAATATAAGTGACTTTCCTTCCTTTTTATTTTTTATATTTTATTTTTGGTAGAGGCAGGTTCTTGCTTCATTGCTTATGCTGTTCTTGAACTGTTGACCCCAAGCAATTCTCCCACCTCAGCCTCCCTGGTGTCGGGATTATAGGCGTCAGCCACCATGTCTAGCCATGAGATGTTCTTAAATCATTCTTT,CAGGTCCTGTGGGTGCAGTTCCCTTCC...TTCAGAGGGTCCTCCTGAATTGTTTTCTTAATTTCATTTTGGATGGTTTCCTGTTTG..................GTTGTTTAAGTATAGAAATATAAGTGACTTTCCTTCCTTTTTATTTTTTATATTTTATTTTTGGTA.....................GAGGCAGGTTCTTGCTTCATTGCT...TATGCTGTTCTTGAACTGTTG......ACCCCAAGCAATTCTCCCACCTCAGCCTCCCTGGTGTCGGGATTATAGGCGTCAGCCACCATGTCTAGCCATGAGATGTTCTTAAATCATTCTTT,,,,,615623,685126,615586,685089,616116,684643,616069,684596,615924,684798,615914,684788
IGL,675722,675682,625030,624990,-,7.3,1,IGLJ,IGLJ7*02,46.34,29,IGLJ7*01,46.34,,28,7.2132642954363725e-06,,,,,CCTGGTG,GGGTCTGCT,0,,,,,pseudo,J-TRP not found,SSCWEQAHDPAQE,,GGAGCAGCTGTTGGGAACAGGCACACGATCCTGCCCAAGAG,,675760,624989,675723,624952,,,,,,,,,,,,
IGL,1020473,1020162,280550,280239,-,4.0,1,IGLV,IGLV3S16*01,38.14,220,IGLV3-2*01,42.31,,204,0.0,CCTCTTCTATTTCACAGAAGAGGATGAAATAGAGAGGGAGGGGTTTAT,GGATGAAATAG,GAGGGTG,CTCAGAGCC,,,,,,,,pseudo,"Leader not found, Stop codon in leader, Stop codon in V-REGION before 2nd cysteine, BLAST alignment was truncated",RGRGLCLTSPYACVTVG*LPLLSAD*Q**SASSSAWAPLMVKVTVVPELELENRSGIPEGLSLSLYITSTGAWPGFCWNH*AYFFASISPEQVILAVCPGDTDT,RGRGLCLTS.PYACVTVG*LPLLSAD*Q*......*SASSSAWAPLMVKVTVVPELE.......LENRSGIP.EGLSLSL..YITSTGAWPGFCWNH*AYFFASISPEQVILAVCPGDTDT,AGAGGGAGGGGTTTATGTCTCACTTCCCCATATGCTTGTGTCACTGTGGGATGATTACCACTGCTGTCTGCTGATTGACAGTAATAGTCAGCCTCATCTTCTGCCTGGGCCCCACTGATGGTCAAGGTAACTGTTGTCCCTGAACTGGAGCTAGAGAATCGCTCAGGGATCCCTGAGGGCCTCTCACTGTCTTTATATATCACCAGCACAGGGGCCTGGCCTGGCTTCTGCTGGAACCACTGAGCATATTTTTTTGCCAGTATTTCTCCAGAGCAGGTGATCCTGGCCGTCTGTCCTGGGGACACTGACACT,AGAGGGAGGGGTTTATGTCTCACTTCC...CCATATGCTTGTGTCACTGTGGGATGATTACCACTGCTGTCTGCTGATTGACAGTAA..................TAGTCAGCCTCATCTTCTGCCTGGGCCCCACTGATGGTCAAGGTAACTGTTGTCCCTGAACTGGAG.....................CTAGAGAATCGCTCAGGGATCCCT...GAGGGCCTCTCACTGTCTTTA......TATATCACCAGCACAGGGGCCTGGCCTGGCTTCTGCTGGAACCACTGAGCATATTTTTTTGCCAGTATTTCTCCAGAGCAGGTGATCCTGGCCGTCTGTCCTGGGGACACTGACACT,,,,,1020161,280588,1020124,280551,1020505,280254,1020458,280207,1020484,280238,1020474,280228
IGL,1234997,1234704,66008,65715,-,4.0,7,IGLV,IGLV5-87*01,44.56,233,IGLV5-103*01,45.58,,198,0.0,GTGGCGTGTGCACATGGAGTGTTGCGAGATCCAGCAGATGCTGTAAGT,TATCTTTCCCT,CACCTTA,TGTTTAACC,,,,,,,,pseudo,"Stop codon in V-REGION before 2nd cysteine, Nonamer not found, BLAST alignment was truncated",LCVS*WSLTLPACQHLLVTQAYPNPRWLCQVALCLTLVAAPHWQLEAQGPPWSRCGFRTSCSGPRFSDLWTADPRVFPAKNSPLLCHP*LSEDQVQGS,LCVS*WSLT.LPACQHLLVTQAYPNPRWL......CQVALCLTLVAAPHWQLEAQGP.......PWSRCGFR.TSCSGPR..FSDLWTADPRVFPAKNSPLLCHP*LSEDQVQGS,CTGTGTGTCAGCTGATGGTCACTGACCCTCCCTGCCTGTCAGCATCTCCTTGTCACGCAGGCCTACCCCAACCCCAGGTGGCTTTGCCAGGTGGCTCTCTGCCTCACCCTTGTGGCTGCTCCGCATTGGCAGCTGGAGGCTCAGGGGCCTCCTTGGTCCAGGTGTGGATTCAGAACCAGCTGCTCAGGCCCCCGATTCTCTGATCTGTGGACTGCTGACCCCAGGGTTTTTCCAGCAAAGAATTCCCCTTTGCTGTGTCACCCTTGACTGTCTGAAGACCAGGTACAAGGGTCT,CTGTGTGTCAGCTGATGGTCACTGACC...CTCCCTGCCTGTCAGCATCTCCTTGTCACGCAGGCCTACCCCAACCCCAGGTGGCTT..................TGCCAGGTGGCTCTCTGCCTCACCCTTGTGGCTGCTCCGCATTGGCAGCTGGAGGCTCAGGGGCCT.....................CCTTGGTCCAGGTGTGGATTCAGA...ACCAGCTGCTCAGGCCCCCGA......TTCTCTGATCTGTGGACTGCTGACCCCAGGGTTTTTCCAGCAAAGAATTCCCCTTTGCTGTGTCACCCTTGACTGTCTGAAGACCAGGTACAAGGGTCT,,,,,1234703,66046,1234666,66009,1235320,65439,1235273,65392,1235008,65714,1234998,65704
IGL,1258886,1258850,41862,41826,-,7.3,1,IGLJ,IGLJ7*02,48.65,35,IGLJ1*01,51.35,,30,0.0,,,,,CAATTTC,GCTTGGATT,0,,,,,pseudo,J-TRP not found,HILLLLQADHH,,CCCACATCCTCCTGCTCCTGCAGGCTGACCATCATCA,,1258924,41825,1258887,41788,,,,,,,,,,,,
IGL,1286492,1286454,14258,14220,-,7.3,2,IGLJ,IGLJ3*01,53.85,25,IGLJ3*01,53.85,,25,0.0,,,,,CAGCCTG,CTGAATATC,0,,,,,pseudo,J-TRP not found,CPGGGGTQHPGA,,TCTGTCCTGGGGGAGGAGGGACCCAGCACCCTGGGGCCA,,1286530,14219,1286493,14182,,,,,,,,,,,,
