start,end,allele,functional,l-part1,l-part2,v-heptamer,v-nonamer,v-region
16001,16325,IGLV(IV)-127*01,pseudo,CCATGGCCTGGACCCCTCTCCCCATCGTGCTCCACTCTCACTGCACAG,GTTCCCTCTCC,GACAGTG,TCTACTGCC,CAGCCTGTGCTGACTCAGCAGGCCTCCTTCTCTGCATCCCTGGAAGCATGTACCAGACTCTCCCACACCCTGAGGAGTGACCTCAGTGTTGGTGACTATGTGATAACTTTGATACCAGAACAGGCCAGGAGATACCTCGTGAGCTTTAAGTCAGACTCAAAGAAGCAACCAGGGCTCCAGGATCCCCAGCTGCTTCTCTGGATCTAAGATGCCTCCCCTCTTCTCTCTGGACCTTTTGTAGTCACCCCTGCTAGAGGTTCTGACAAGTCTAGCCCTGGGGGAACTTGTACTGTGAGCACCTGATATTCCCCAGAAGAGTAGATCT
26328,26623,IGLV8-125*01,functional,ATGGCCTGGATGATGCTTCTCCTCGGACTCCTTGCTTATGGCTCAGGT,GAGTGGATTCT,CACGGCG,ACCAAAACC,GAGACTGTGGTGACCCAGGAGCCATCGTTGTCAGTGTCCCCTGGAGGAACAGTCACACTCACCTGTGGCCTGAGCTCTGGCTCAGTCTCTACCAGTAACTACCCCAGCTGGTACCAGCAGACCCCAGGCCAGGCTCCACGCATGCTCATCTACAGCACAAACACTCGCCCTTCTGGGGTCCCTGATCGCTTCTCTGGCTCCATCCTTGGGAACAAAGCTGCCCTCACCATCACGGGGGCTCAGGCAGACGATGAATCTGATTATTACTGTATGCTCTACATGGGTAGTGGCATTTC
77810,78108,IGLV1-123*01,pseudo,ATGGTGTCGTCCCTTCTCCTTGCCCTCCCTATTTACTGCACAGATAACTGG,GGTCCTGAGCT,CACAGTG,ACAAAAACA,CAGTCTATGCTGACTCAGCTGCCCTCAGTGTCTGGGGGCCCAGGGCAGAGGGTCACCATCTTCTGCACTGGAAGCAGCAACAATGTCACAGATACTTATCCTGTGAACTGGTACCAGCATCTCCCAGGGGTGTGCTTAGACTGCTCATCCTTGGTGATAGTGACTGACCCTCAGGAGTCCCTGACTGATTTCTCTGGCTCCAAGTCTGGCAACTTAGCCTCCCTGACCATCACTGGGCTCTGGCCTGAGGATGAGGCTGATTATCACTGCCAGTCTTAGGATAGCAGCCTAGATGCTTA
79716,80014,IGLV1-122*01,pseudo,GTGGCCTGGTCCCCCTCCTCCTCACCCTCCTTGGACACTGCACAGGTGACTGG,GGTCCTGTGCC,CACAGTG,ACAAGGGTC,CAGTCTGTACTGACTCAGCTGCCCTCAGTGCCTGGGGCTCAGGGTCATAGGGTCACCGTCTCCTGCACTGGAAGCAACTCCAACATGGAGGGTGGCTGTAATGTGAACCAGTATCAGTAACTCCCAGGTGCTGACCTCAGACTCCTCATGGATAGTGATAGGAATTGGCCTTCCATGGTCCCTGACCAGTTCTCTGGCTCCAAGGCTGGCAACTCGGCCTCCCTGACCGTTACTGGGCTCTGAGTTGAGGATGAGGCTGATGATCACTGCCAGTCCTTTGACAGCAATGCAAGTACTTG
92280,92597,IGLV5-120*01,pseudo,ATGGCGTGGACATCTTCTCTTTGTGCTTCTCTTCCACTGCACAGATGA,GTTCTCTCTCC,CACAGTG,CAAAAAGCC,CAGTCTTGTGCTGACTGAGTCACCCTTGCTCTCTGCATCCCCAGGAGCATCAGCCAGACTCACCTGCACCCTGAGTAGTGACATCAATGTCAATGTAAAAAGTATATCTTGGTACCAGCAGAAGCCAGGGAATCATTTCCAGTATCTCCTGAGCTACTACTCAGACTCAGTTAAGCACCAGGGCTATGGGGTCCCCGGCCGCTTCTCTGGATCCAAAGATGCCTCAACTAACTCAGGGATTCTGCACATCTCTGGGCTGCAGCCTGAGGACGAGGCTGATCATCATTGTAAGATAAGGCATGACAGCATTAATGGTTA
96130,96435,IGLV5-119*01,pseudo,ATGGCCTGGGCTTCTTGTTTCCTCCTGCTTCTCTCACTTCTCAGGT,GTTTCTTCTCA,CACAGTG,AGTGAAACC,CAGCCTGTGCTGACTCAGCCACTCCCTCTCTGCATCTCTGGGAGCATCGGCCGGACTCGCCTGCACTCTGAGCAGTGGCTTCATTTTTTCGTGCCTATCACATGTCTTGGTACCAGCAGAAACCAGGGAGCCCTCCCCAGTTTCTCTCATACTACTACTCAAAATCAAGTAAGGACCAGGGAGCTGGGGTCCCAAGTCATTTCCCTGCATACACAGATGCCTCAGACAATGCAGGGATTCTGCACGTTTCTGGGCTTAAGGCAGAGGATGAGGCTGATCTTGTAAAACATCATGGCAACAGTAACA
164327,164638,IGLV11-117*01,functional,ATGGCCCTGACTCCTCTCCTCCTCCTGCTCCTCTCTCACTGCACAGGT,GTTCCCTCTCC,CACAGTG,ACAAAAACC,CAGCCTGTGCTGACTCAGCCACCCTCCCTGTCTGCATCCCCGGGAGCATCGGCCAGACTCCCCTGCACCCTGAGCAGTGACCTCAGTGTTGGTAGTAAAAACATGTACTGGTACCAGCAGAAGCCAGGGAGCGCTCCCAGGTTATTCCTGTACTACTACTCCGACTCAGACAAGCAGCTGGGACCTGGGGTCCCCAATCGAGTCTCTGGCTCCAAGGAGACCTCAAGTAACACAGCGTTTTTGCTCATCTCTGGGCTCCAGCCTGAGGACGAGGCCGATTATTACTGTCAGGTGTATGACAGTAGTGCTAAT
172458,172751,IGLV(III)-116*01,pseudo,ATGGCCTGGGCTCCTCTCCTGCTCACACCTCTGGCTCTGTGCACAGGT,AAGCCACTTTC,CACAGTG,ACACACACC,CAGGCTGTGGTGACTCAAGAGCCTTCACTGTCCACAGCTCCTGGAGGGACAGCCACTCTCCCCTGTGGCTCCAAGTGCTGGGGCCATCACCACCACCAACAATGCCCACTGGGCTCAACAGAAGCCCAACCACCTACCCCAGGACCTAATAAGTGACACAAGCAACTGGGTCCCAGGGGTCCCTGCCTGATTCTCAGACTCCGTGCTTGGACTCTAGGCTGCCCTCACCATCATGGGGCCCAGCCTAAGGACCAGGTTGAGTATTACTGTGCTCTGTGATACAGCGATCATCTC
187464,187759,IGLV10-114*01,functional,ATGCCCTGGGCTCTGCTCCTCCTGACCCTCCTCACTCACTCTGCAGGT,TGCCAGTGGTC,CACAGTG,ATAAAAACT,CAGGCAGGGCTGACTCAGCCACCCTCAGTGTCCAAGGGCTTGAGACAGACGGCCACGCTCACCTGCACTGGAAACAGCAACAATGTTGGCAACCAGGGAGCAGCTTGGCTGCAGCAGCACCAGGGCCACCCTCCCAAACTGCTGTCCTACAGGAATAACAACCGGCCCTCGGGGATCTCAGAGAGATTCTCTGCATCCAGGTCAGGAAACACAGCCTCCCTGACCATCACCGGACTCCAACCTGAGGATGAGGCTGACTATTACTGCTCAGCATGGGACAGCAGCCTCAGTGCTCA
197545,197843,IGLV6-112*01,functional,ATGGCCTGGGCTCCACTCCTCCTCACCCTCCTCGCTCACTGCACAGGT,GGTCTTGGGCT,CACAGTA,ACAAGAACT,GAGGTTGTGTTCACTCAGCCCCATTCTGTGTCGGGGTCTCCGGGGCAGACGGTCACCATCTCCTGTACCCGCAGCAGTGGCAGCATTGACAGTAAATATGTGCAGTGGTACCAGCAGCGCCCGGGCAGTGCCCCAACCACAGTGATTTACAAAGATAACCAAAGACCCTCTGGGGTCCCTGATCGGTTCTCTGGCTCCATCGACAGCTCCTCCAACTCTGCCTCCCTCACCATCTCTGGGCTGAAGTCTGAGGACGAGGCTGACTACTACTGTCAGTCTGCTGATGGCAGCTACAATCC
208592,208890,IGLV6-110*01,functional,ATGGCCTGGGCTCCACTCCTCCTCACCCTCCTCGCTCACTGCACAGGT,GGTCTTGGGCT,CACAGTA,ACAAGAACT,GAGGTTGTGTTCACTCAGCCCCATTCTGTGTCGGGGTCTCCGGGGCAGACGGTCACCATCTCCTGCACCCGCAGCAGTGGCAGCATTGACAGTGAATATGTGCAGTGGTACCAGCAGCGCCCGGGCAATGCCCCCACCACAGTGATTTACAAAGATAACCAAAGACCCTCTGGGGTCCCTGATCGGTTCTCTGGCTCCATCGACAGCTCCTCCAACTCTGCCTCCCTCGCCATCTCTGGGCTGAAGTCTGAGGACGAGGCTGACTACTACTGTCAGTCTGCTGATGACAGCTACAATCC
218908,219185,IGLV1-109*01,pseudo,ATGGGCTGGTCCCCTTTCCTCCTCATACTCCTCACTCATTGTACAGGT,GGTCCTGGGCC,CACGGAA,ACAAAAACA,AGGTCTGTGCTGACTCAGCCTCCTTCAGTGGCAGGGTCCCCAGGGTACAGGGTCACCATCTCCTGCACCGGAAGTGCCACCAGCACTGGGGGTGGTTTTCATGTCAATGAGTATCAGCAGTTCCCTGGAATGGCTCTAAAACTCCTCATCTATGAAAACAGTCATTGGCCTTTAGGGTCTTGTCCTGGTTCACAGGCTTCGCTGAGCACTTCTGGCCTCTAGTCTGGGGATAAGGATGACAATTTCTGCTTATCTTGGCACACAAGCATTAATGCTCA
<226885,227006,IGLV(I)-107*01,pseudo,ATGCTCTGGGCTCCTCTCCTCCGCCTCCGCCCTCACTATTCAGGT,TGTCTGTGGCC,CACAGTG,AGGAAAATT,TCTGATCAGTTCTCTGGCTCCATGGACAGCTCCTCCAACTCTGCCTCCCTGTGCATCTCTGGGCTGCAGATTGGAGATGAGGCTGACTTCTCCTGTCAGTCTCATGATAAAAGCTGGAATCT
233980,234293,IGLV5-106*01,pseudo,ATGGCCTGGGCACCTGTTCTCCTGCTGATATTCTATCGTTTCTCAGGT,GTTCCCTCTCT,CACAGTG,ATTAGAACC,CAGCCTTTGCTTACTCAGCTGCCCTCCCTCTATGCACATCTGAGAAATGTTATAAGACTTCCCTGTACCCCGAGCAGTGGCTGCATTGTTGGTGGCTGTCACATATTCTTGTACCAGCAGAAGTCACAGAGCCTTCCCCAGTATCTCCTGAGATACTACTCAGACTCAAGTAAACGGCAGGAATCTGGGGTCCCCAGTCACTTTTGTGAAAGATCCCTTGGGCAATGTGCAGGGATTCTGCACATTTCTAAGCTCCAGCCTGAGAACAAGTCCGACTATTACTATTTTACATATCACAGCAACAGTGGCACTTT
245818,246126,IGLV5-104*01,pseudo,ATGGCCTGGACCCCTCCGCTCCTCATGTTCCTCTGTCATTGCTCAGGT,GTTCCCTCTCC,CACAGTA,ACAGAAACC,CAGCCTTTGCTGACTCAGATGACTTCACTCTGCATCTCCGGGAGCATGAGCCAGACTTGCCTGCATCCTGAGCAGTGGCTTCAGAGTTGGTAACTTTGCAATATAGTGGTCAGCTGAAGCCGGGCAGCCCTCCCAGGTGTCTCCTGAGATGCTACTCAGACTCAGATATCACTCAGGACCCTGGGGTTCCCATTCATTTCTCTGCATTTGATGATACATGGGCGAATGCAGGGATTCTGCACATCCCTGGACTAAAGCCTGAGGATGAGGCTATTACTGTTGTATGTGGCACAGCAGCTCCAAGACTCA
249447,249758,IGLV5-103*01,functional,ATGGCCTGGGCCCCTCTCCTGCTGCTTCTCTCTCAATTCTCAGGT,GTTCCCTCTCC,CACGCTG,ACAAAACCT,CAGCCTGTGCTGACTCAGCCGCCCTCCCTCTCTGCATCTCAGGGAGCATCAGCCAGACTCTCCTGCACCCTGAGCAGTGGCTTCAGTGCTGATCTCTACTGGATATACTGGTACCAGCATAAGCCAGGGAGCCCTCCCCGGTATCTCCTGAGCCTCTACCAAAATTCACTTCATGACCTGGGCTCCGGGGTCCCCAGGCGCATCTCTGGATTGATGGAAGACTGGTCCAATAAAGGGCTCTTGCTCATATCTGATCTCCAGCCTGAGGATGAGGCTGACTATTACTGTATGATTGAGCACGGCAGAGCTTCT
256777,257073,IGLV1-101*01,pseudo,ACGGCCTGGTCCCTTCTCCTGCTCCCTGCTTCATTCACTGCACAGAT,GGCCTTGGGCC,CACAGTG,ACCAAAACA,GCATCTGCGCTGACTCAGTCACCCTCAGTCCCTGGGGCTCTGGGCCAGCGGGCCACCATCTCCCGCACTGGAAGCAGCTCCACTTTGGTTGTTGGTATGATGTCCACTGGTTCCAGCAGCTCCAAGGAATGACCCCCAAACTCCTCATCTATGAAAACAATTGGGGAGCCCCGTGGGTCCCTGACAATTCTCTGGCTTCAAGTCTGGCAACTCCATCTTCCTGACCATCACTGTGCTACACCCTGAGGATGAGGTTGATTATTACCACCAGTTCTACAGAAACAGCCTGAGTGCTTT
262286,262584,IGLV1-100*01,pseudo,ATGGCCTGGTGTCCTCTGCTCCTCACCCTCCTTGCACACTGCACAGGC,GATCCTGAGCT,TACAGTG,AGAAAAACC,CAGTCTGTGCTGACTCAGCCACCCTCAGTGTCTTGGGCCACAGGGCCCAGGCTCACTATCTCCTGCATTGGAAGCAGCTCCTACATTGGCACTGGCTATAATGTAAACTGTTGGCAGTGGCTCCCAAGAACTGATCCCAAACTCCTCAGGCGTAATGATAAGAACTGGGCCTCCTGGGCATCTGACCAATTCTCTGGCTCCAAGTCCGGCAACTCGGCCTCCCTGGCCACCACTGGCCTCTGGACTGAGGACGAGACTGAGTATCACTGCCAGTTCCACGGCAGCAGCGTGAGTGCTTG
268773,269089,IGLV5-99*01,ORF,ATGGTCTGGACATCTCTTCTCCTTGTGCTTCTCTCCCACTGCACAGAT,GTTCTCTCTCC,CACAGTG,AAAAAAACC,CAGTCTGTGCTGACTCAGCCACCCTCCCTCTCTGCATCCCTGGAAGCATTAGCCAGACTCACCTGCACCCTGAGCAGTGGCATCAGTGTTGGTGGAAAAATTGTATACTGGTACCAGCAGAAGCCAGGGAGCAATCCCCGGTATCTCCTGAGCTACTACTCAGAGTCAAGTAAGCACCAGGGCTCTGGAGTCCCCGGCCGCTTCTCTGGATCCAAAGATGCCTCAACTAACTCAGGGATTCTGCACGTCTCTGGGCTGCAGCCTGAGGATGAGGCTGACTATTATTGTAAGATATGGCATGACAGCATTAATGCTTA
273675,273966,IGLV7-98*01,pseudo,ATGGCCTGGATGCTTCTCCTCCACCTCCGCTTTCTCCTCACTCTCTGCCCGGGT,TTCT,CACAGTG,ACATGAACG,CAGGCTGTGGTGACTCAGGAGCCCTCACTGACTGTGTCCCAAAGAGAGACAGTCATTCTCATGTATGGCTCCTGCACCATGGCTGTCATCAAAGGTCACTAACTACACTGGATCCATACTGGATCTTGATCAAGCCCTCAGGACACTGATGTATAACACAGATAACAAACACCCCTGGATGCCCACTTGAGTCTCAGGCTCCCTCCTGGGAGAAAAGCTGCCCTGACCCCTCAGGGGCCCAGCCTGAGGATGAGGCTGAGTATACTGCAGGCTACACCACAGTGGTCCTTAG
276663,276961,IGLV4-97*01,functional,ATGGCCTGGACCCCACTCCTCCTCCTCCTCCTCACTCTCCTCCTTCACTGCACAGGT,GGTCTCTCTCC,CACAGTG,ACAAAATCC,CAGCCTGTGCTGACTCAGTCGCCCTCTGCCTCTGCCTCCCTGGGAGCCTCGGTCAAGCTCACCTGCACTCTGAGCAGTGGGCACAGCAGCTACGCCATCGCATGGCATCAGCAGCAGCAAGGGAAGGCCCCACGGTACTTAATGAGGCTTAACAGTGTTGGCAGCCACAGCAAGGGGGACGGGATCCCTGATCGCTTCTCAGGCTCCAGCTCCGGGGCTGAGCGCTACCTCACCATCTCCAACCTCCAGTCTGAGGATGAGGCTGATTATTACTGTCAGACCTGGACTACTGGCATTCA
289044,289330,IGLV6-96*01,pseudo,ATGACCTGGGTTGTGCTTCTCCTCACCGTCCTTGCTCGCTGCACAGGT,GTTGTTTGGCC,CACAGTG,AGGAAAACT,GACTTTGTGCTGGCTCAGCCACACTCTGGTCAGGCTCTCCAAGGCAGAGGGTCACCATCTCCTGCACACACAGCAGTGACAGCATTAGGGTAAACTAGTACCAGGAGCACCCAGGCAGTGTCCCCACAGCTGTGATCTACTATGATAATGAAAGAGATTCTGGGGTCCCTGAGGTTCTCTGGCTCCAGGGACAGCTCCTCCAGCTCTGTCTCCCTGACCATCTCTGGGCTGCAGAGTGGGGATGAGGCTGACTACTACTGTCATTCTAATGATGACAGCTACAATCT
297549,297865,IGLV5-95*01,functional,ATGGCCTGGACTCTTCTCCTTCTCATGCTCCTCTCTCACTGCACAGGT,GTTCCCTCTCC,CACAGTG,ACAAAAACC,CAGCCTGTGCTGACTCAGCCATCTTCCCATTCCGCATCTCCTGGAGCGCCAGCCAGACTCACCTGCACGCTGAGCAGTGGCTTCAGTGTTGGTGACTTCTGGATACGGTGGTACCAACAAAAGCCAGGGAGCCCTCCCCGGTATCTCCTGTACTACCACTCAGACTCAGATAAGCACCAAGGCTCTGGAGTTCCCAGCCGCTTCTCTGGATCCAATGATGCATCAGCCAATGCAGGGATTCTGCATATCTCTGGGCTCCAGCCTGAGGATGAGGCTGACTATTACTGTTGTACATGGCATGGCAACTCTAAGACTCA
300001,300305,IGLV6-94*01,pseudo,GTGGCCTGGGCTCCATGCATCCTCACTTTCCTCACTCATTGCACAGGT,AGTCTTAGTAG,CACAGTT,ACAGAAACT,GAGGATGTGTTCACTCATTCCCACTCTGTGTCAGGGTCTCTGGGACAAAAGAACACTATCTTTGGCACCTGGAGCAGTGGTAGCGTCCAAAGCAAATATGTGCCTTGGTGCATTGGTGCCATCAGCGCCTGGGCAGTGCCCCCACCACCATAATCTACAATGATAACAAAAGACACTTCCATGTTACGCACTGGTTCTCTGGCTCCAGCAGCTCCATCCAACTCTGCCTCCCTGACCATCTCTGGGCTGCAGTCTGAGGATGAGGTCAACTACTCCTGTCATTCTTGTGATAGCGGCGGTAATCA
431931,432245,IGLV5-93*01,pseudo,ATGGTCCTGACTCCTCTCCTCCTCTTGCTCCTCTCTCACTGCATGAGT,GCTCCCTCTCC,CACAGAG,ACAAAAACC,CAGCCGGTGCTGACTCAGCCTCTCTCCCTCTCTGCATCTCTGGGAGCAAGGGCCACACTCCCCTGCACCCTGGGCAGTGGCCTCAAAGTTGAATACTATTTGATATGGTGGTACCAACACGAGCCAGGGAGCACTCCCAGGCATCTCCTGAATTTCAAATAAGACTCAGATAAGCACCAGGGCTCTGGGGTTCCCACCTGCTCCTCAGGATCCAACAGTGCTCTTTCCAGTGCAGGAATTCCACACATCACGGGGCTGCAGTCTGAGGACAAGGTTGACTATTACCGTACTACATGACATGACAGCTGTAAGACT
441681,441979,IGLV6-92*01,functional,ATGGCCTGGGCTCCACTCCTCCTCACCCTCCTCGCTCACTGCACAGGT,GGTCTTGGGCT,CACAGTG,ACAAAATCT,GAGGTTGTGTTCACTCAGCCCCATTCTGTGTCGGGGTCTCCGGGGCAGACGGTCACCATCTCCTGCACCCACAGCAGTGGCAGCATTGACAACAGCTATGTGTACTGGTACCAGCAGCGCCCGGGCAGCGCCCCCACCACTGTGATCTACAATGATGACCAAAGACCCTCTGGGGTCCCTGATCGGTCCTCTGGCTCCATCGACAGCTCCTCCAACTCTGCCTCCCTCACCATCTCTGGACTGAAGTCTGAGGACGAGGCTGACTATTACTGTCAGTCTTATGACAGCAGCGGTTATCA
444047,444338,IGLV(I)-91*01,pseudo,ATGGCTTGGACCCCTCTCCTCCTCTCCCTTCTCACTCCCTACAGAGGT,GGTCCTGGGCA,CACAGTG,ACACAAACC,CTACCTGGGCTGACCCAGGAAGCCTTGGTGTTAGGGTCTCTGAGTCAGATGGTCACCATCGCCTGCACTGGGAACAGCAACAACACTGGATACAATGGTGCTGACTGGTTGCAAGTTTCTTGGTGCTGCCTCCAAACTCCTCATGTATGGTAGCACCGATCAGCCTTCAGGATTCTGGCTCTGTTCTCAAGCTCTCATTCAGGCAACAGAGCCTCCTTGACCATCTGCGGGCTCAGCCTGAGGATGAGACTGATTATTACTGTTCAACTTTGGGCAAAAGCATGAACACTCA
446318,446631,IGLV5-90*01,pseudo,ATGGCCTGGGCTCCTCTTCTCCTTGTGCTCCTCTCTCACTGCAGAGAC,CTCTCAGACTG,CACAGGA,ACAAATACA,TTCCCTCTTCCCACGCAGCCTCCCTCCCTCTCTGCACCTCTGGGAGCACCAGCCAGACTCCTGCACCCTGCACAGAAGCCTCAATACTGGTATCTATGCAATACACTCTCATCAGCAGAAGCCAGCGAGCCCTTCCAGCTATCTCCTGACCTACTACTCAGACTCAAATATGTACCAGGGCTTCAGGCTCCCCAGCCACTTCTCTGGATCCAAAATTGCCTCGGATAATGCAGAGCTTTTGCTCATCTCTGGGCTGCAGCCTGGGGATGAGGCTATTACTGTGCGATCTGGTACCATCCTGACTCTCAGAATTG
480388,480681,IGLV7-88*01,functional,ATGGCCTGGACTCTGCTCCTCCTCCAGTTCCTCCTCACTTGCTGCCCAGGT,GGTCCAATTCT,CACAGTG,ACATAAACC,CAGGCTGTAGTGACTCAGGAGCCCTCACTGACTGTGTCCCCAGGAGGGACAGTCACTCTCACTTGTGGCTCCAGTGCTGGAGCAGTCACTGGGAGTCATTATCCCTACTGGTTCCAGCAGAAGCCTGGCCAAGCCCCTAGAACACTGATTTATGATACAAGCAACAAGCTCTCCTGGACCCCTGCCCGGTTCTCAGGCTCCCTCCTTGGGGGTAAAGCTGCCCTGACACTGTCAGGTGCGCAGCCTGAGGATGAAGCTGAGTATTACTGCTGGCTGCACTATAGTGGTGCTCAG
484902,485213,IGLV5-87*01,functional,ATGGCCTGGACTCCTCTCTTCCTCCTGCTCTTCTCTCACTGCACAGGT,GTTCCCTCTCC,CACAGTG,ACAAAATCT,CAGCCTGTGCTGACTCAGCCAGCCTCCCTCTCAGCATCTCCTGGAGCATCAGCCAGTCTCACATGCACCTTCAGTGGTGGCACCAATGTTGGTGACTACACTATACACTGGTACCAGCAGAAGCCAGGGAGTCCTCCCCGGTATCTTCTGAAGTACAAATCAGACTCAGATAAGCACCAGGGCTCTGGAGTCCCCAGTCGCTTCTCTGGATCCAAAGATGCTTCAGCGAACACAGGGATTTTACGCATCTCTGGGCTCCAGTCTGAGGATGAGGCTGACTATTACTGTGCCATTGGGCGCAGCAGCGCTTCT
489715,490010,IGLV1-86*01,functional,ATGACCTGGTCCCCTCTCCTCCTCACCCTTCTCATTCACTGCACAGGT,GGTCCTGGGCC,CATGGTG,ACAAGAACC,CAGTCTGTGCTGACGCAGCCGCCCTCAGTGTCTGCGGCCCCAGGACAGAGGGTCACCATCTCCTGCTCTGGAAGCAGCTTCAACTTCAGGAGGTATTATGTGTCCTGGTACCAGCAGCTCCCAGGAGCAGCCCCCAAACTCCTCATCTATGATGTTAATAAGCGACCCTCAGGGGTTTCTGACCGATTCTCTGGCTCCCAGTCTGGCACCTCAGCCACCCTGGGCATCAGTGGACTCCGGCCTGAGGATGAGGCCGATTATTACTGCTCAGCATGGGATAGCAGCCTGAGCACTCA
495054,495349,IGLV1-85*01,functional,ATGGCCTGGTCTCCTCTCCTCCTCACCCTTCTCATTCACTGCACAGGT,GGTCCTGGGCC,CACAGTG,ACAAGAACC,CAGTCTGTGCTGACGCAGCCGCCCTCAGTGTCTGGGGCGCCCGGGCAGAGGGTCACCATCTCCTGCACTGGGAGCAGCTCCAACATTGGAGGTTATTATGTGCAGTGGTACCAGCAGCTTCCAGGAACGGCCCCCAAACTCCTCATCTATGAAAATAATAAGCGACCCTCAGGGGTTTCTGATCGATTCTCTGGCTCCCAGTCTGGTACCTCAGCCTCCCTGACCATCACTGGACTCCAGTCTGAGGATGAGGCTGATTATTACTGCCAGTCCTATGACAGCAGCTTGAGTGCTCA
511323,511639,IGLV9-84*01,functional,ATGGCCTGGGCTCCTCTGCTCCTCACCCTCCTCAGTCTCCTCACAGGT,GGTCCCTCTCC,CACAGTG,ACAAAAACC,CAGCCTGTGCTGACTCAGCCATCCTCTGCATCGGCCTCCCTGGGAGCCTCGGTCACACTCACCTGCACCCTGAGTAGCGGCTACAGTAATTATGCGGTGGACTGGCACCAGCAGAGACCAGGGAAGGGCCCTCAGTTTGTGATGCGAGTGGGCACAGGTGGGATTGTGGGATCCAAGGGGGATGGCATCCCTGATCGCTTCTCAGGCTCGGGCTCCGGCCTGAATCGGTACCTGACCATCAAGAACATTCAGGAAGAGGATGAGAGTGACTACCACTGTGGGGCAGACCACGGCACTGGGAGCAGCTTCGTGTAACC
518070,518381,IGLV5-83*01,functional,ATGGCCTGGACTCCTCTCCTCCTCCTGCTCCTCTCTCACTGCACAGGT,GTTCCCTCTCG,CACAGTG,ACAAAAACC,CAGCCTGTGCTGACTCAGCCAACCTCCCTCTCAGCATCTCCTGGAGCATCAGCCAGACTCACCTGCACCTTGCGCAGTGGCATCAGTGTTGGTAGTTACAGGATATTCTGGTACCAGCAGAAGCCAGGGAGTCCTCCCCGGTATCTTCTGAACTACCACACAGACTCAGATAAGCACCAGGGATCTGGAGTCCCCAGCCGCTTCTCTGGATCCAAAGATGCTTCGGCCAATGCAGGGATTTTACTCATCTCTGGGCTCCAGTCTGAGGATGAGGCTGACTATTACTGTATGATTTGGCACAACAATGCTTCT
519465,519780,IGLV(I)-82*01,pseudo,,GTTTATTCACA,CATGGTG,AGAAAGAAT,CAGCCTCCTGGACAACCCCTGGGCTCCAGTCTGAGGACAGGCTGGTTATCAGTGTCACACAGCTGCATCCTGGCTCCGTGTTACCAAGGGTTCTTGTTCCATGGGGAAATGAGAGAAGATCCGCCCCACTCATCCTCTCTGCCCTTCCCTCCTTTATCCCTGCCTGTGACCAACACCAGTTCATGCCAAGGCTTCTGCTGTCACTTGTGTTACTGAAAGCAGAGCAAGAGTTCAGTGACAATAACTCCTTTTTTTTACTGGTCTCCCAATGTAAAGAGAATCATCTTGTTTCTAGAAGCAAAAGGAGCTGCCCACA
522710,523005,IGLV1-81*01,functional,ATGGCCTGGTTCCCTCTCGTCCTCACCCTCCTCACTCACTGTGCAGGT,GGTCCTGGGCC,CACAGTG,ACAAGAACC,CAGTCTGTGCTGACTCAGCCACCCTCAGCGTCTGGGGCTCCCGGGCAGAGTGTCACCATCTCTTGCTCTGGAAGCAGCTCCAACATTGGAAGTAATTATGTATACTGGTACCAGCAGCTCCCAGGAACGGCCCCCAAACTCCTCATCTATTATAGTAATCAGCGACCCTCAGGGGTCCCTGACCGATTCTCTGGCTCTAAGTCTGGCACCTCAGCCTCCCTGGCCATCACTGGTCTCCGATCTGAGGATGAGGCTGATTATTACTGTGCAGCATGGGATAACAGCCTGAGCAGTCC
531715,532008,IGLV7-80*01,functional,ATGGCCTGGACTCTGCTCCTCCTCCAGTTCCTCCTCACTTGC,GGTCCAATTCT,CACAGTG,ACATAAACC,CAGGCTGTAGTGACTCAGGAGCCCTCACTGACTGTGTCCCCAGGAGGGACAGTCACTCTCACCTGTGCTTCCAGTACTGGAGCAGTCACCAGTGGTCACTATCCACACTGGTTCCAGCAGAAACCTGGACAAGCCCCCAAGACACTGATTTATGATACAAGCAACAAGCTCTCCTGGACCCCTGCCCGGTTCTCAGGCTCCCTTGCTGGGGGTAAAGCTGCCCTGACACTTTCGGGTGCGCAGCCCGAGGACGAGGCTGAGTATTACTGCTGGCTGTACTACAGTGGTGCTCAG
536337,536647,IGLV5-79*01,pseudo,ATGGCCTGGACTCCTCTCCTCCTCCTGCTCCTCTCTCACTGCACAGGT,GTTCCCTCTCC,CACAGTG,ACAAAATCT,CAGCCTATGCTGACTCAGCCGGCCTCCCTCTCAGCATCTCCTGGAGCATCAGCCAGTCTCACACGCACCTTCAGCGGTGGCATCAATGTTGCTGGCTACCACATACACTGGTACCAGCAGAAGCCAGGGAGTCCTCCCCGGTATCTTCTGAGATACAAATCAGACTCATATAAGGGCCAGGGCTCTGGAGTCCCCAGCCGCTTCTCTGGATGCAAAGATGCTTCGGCCAACAGGGGATTTTATGCATCTCTGGGCTCCAGTCTGAGGATGAGGCTGACTATTACTGTGCCATTGGGCACAGCAGCGGTCCT
537752,538066,IGLV(I)-78*01,pseudo,,GTTTATTCACA,CGTGGTG,AAGAAAGAA,CAGCCTCCTAGACCACCTCTGGGCTCCAGTCTGAGGACAGGCTGGTTATCAGTGTCACACAGCTGCACCCTGACTCTGTGTTACCAACGGTTCCTGTTCCATGGGGAAACGAGAGAAGATCTGCCCCACTCATCCTCTCTGCCCGTCCCTCCTTTATCCATGCCTGTGACCAACACCGTTCATGCCAAGGCTTCTGCTGTCGGTTATATTAGTGAAAGCGGAGCAAGAGTTCAGTGACAATAACTCCTTTTCTTACTGGTCTTCCCAGTGGACAGAGAATCAGTTTGTTTCAAGAAGCAAAATAAGCTGCCCACA
541242,541537,IGLV1-77*01,functional,ATGGCATGGTTCCCTCTCGTCCTCACCCTCCTCACTCACTGTGCAGGT,GGTCCTGGGCC,CACAGTG,ACAAGAACC,CAGTCTGTGCTGACTCAGCCACCCTCAGCGTCTGGGGCCCCCGGGCAGAGTGTCACCATCTCTTGCTCTGGAAGCAGCTCCAACATCAGAGGTAATGGTGTACACTGGTACCAGCAGCTCTCAGGAACGGCCCCCAAACTCCTCATCTATAATAATAATCAGCGACCCTCAGGGGTCCCTGACCGATTCTCTGGCTCCAAGTCTGGCACGTCAGCTTCCCTGGCCATCACTGGTCTCCGGTCTGAGGATGAGGTCGATTATTACTGTGAAGCATGGGATGACAGCCTGAGCGGTCC
550314,550607,IGLV7-76*01,functional,ATGGCCTGGACTCTGCTCCTCCTCCAGTTCCTCCTCACTTGCTGCCCAGGT,GGTCCAATTCT,CACAGTG,ACATAAACC,CAGGCTGTAGTGACTCAGGAGCCCTCAATGACTGTGTCCCCAGGAGGGACAGTCACTCTCACCTGTGCTTCCAGCACTGGAGCAGTCACCAGTGGTCACTCTCCACACTGGTTCCAGCAGAAACCTGGACAAGCCCCCAAGACACTGATTTATAATACAAACTACAAACACTCCTGGACTCCTGCCCGGTTCTCAGGCTCCCTCCTTGGGGGTAAAGCTGCCCTGACACTGTCAGGTGCGCAGCCTGAGGACGAGGCTGAGTATTACTGCTGGCTGTACTATAGTGGTGCTCAG
557893,558204,IGLV5-74*01,functional,ATGGCCTGGACTCCTCTCCTCTTCCTGCTCTTCTCTCACTGCACAGGT,GTTCCCTCTCA,CACAGTG,ACAAAAACC,CAGCCTGTGCTGACTCAGCCAACCTCCCTCTCAGCATCTCCTGGAGCATCAGTCAGACTCACCTGCACCTTGCGCAGTGGCATCAGTGTTGGTGGCTACAATATACACTGGTACCAGCAGAAGCCAAGGAGTCCTCCCCGGTACCTACTGTACTACTACTCAGACTCAAATAAGGGCCAGGGCTCTGGAGTCCCCAGCCGCTTCTCTGGATCCAAAGATGCTTCGGCCAATGCAGGGATTTTACTCATCTCTGGGTTCCAGTCTGAGGATGAGGCTGACTATTACTGTACGACTTGGCACAACAATGCTTCT
562725,563020,IGLV1-72*01,functional,ATGGCCTGCTTCCCTCTCATCCTCACCGTCCTCACTCACTGT,GATCCTGGGCC,CACAGTG,ACAAGAACC,CAGTCTGTGCTGACTCAACCACCCTCAGCGTCTGGGGCCCCCGGGCAGAGTGTCACCATCTCCTGTTCTGGAAGCAGCTCCAACATCGGAAGTAATTATGTATACTGGTACCAGCAGCTCTCAGGAAAGGCCCCCAAACTCCTCATCTATAATAATAATCAGCGACCCTCAGGGGTCCCTGATCGATTCTCTGGCTCCAAGTCTGGCACGTCAGCCTCCCTGGCCATCAGTGGGCTCCAGTCCAAGGATGAGGCTGATTATTACTGCTCAGCATGGGATAGCAGCCTGAGCGATCC
575839,576132,IGLV7-71*01,functional,ATGGCCTGGACTCTGCTCCTCCTCCAGTTCCTCCTCACTTGCTGCCCAGGT,GGTCCAATTCT,CACAATG,ACATAAACC,CAGGCTGTAGTGACTCAGGAGCCCTCACTGACTGTGTCCCCAGGAGGGACAGTCACTCTCACCTGTGCTTCCAGCACTGGAGCAGTCACCAGTGGTCACTCTCCACACTGGTGCCAGCAGAAGCCTGGCCAAGCCCCCAGGACACTGATTTATAATACAAGCTTCAAACACTCCTGGACTCCTGCCCGGTTCTCAGGCTCCCTCCTTGGGGGCAAAGCTGCCCTGATACTGTCAGGTGCACAGCCTGAGGACGAGGCTGAGTATTACTGCTTGCTGCACTATAGTGGTGCTCAG
583145,583456,IGLV5-69*01,functional,ATGGCCTGGACTCCTCTCCTCCTCCTGCTCCTCTCTCACTGCACAGGT,GTTCCCTCTCC,CACAGTG,ACAAAAACC,CAGCCTGTGCTGACCCAGCCAACCTCCCTCTCAGCATCTCCGGGAGCATCAGCCAGACTCAGCTGCACCTTGAGCAGTGGCATCAATGTTGGTAGTTACAGCATATTCTGGTACCAGCAGAAGCCAGGGAGTCCTCCCCGGTACCTTCTGTACTACTACTCAGACTCAAGTAAGCACCAGGGCTCTGGAGTCCCCAGCCGCTTCTCTGGATCCAAAGATGCTTCAGCCAATGCAGGGCTTTTACTGATCTCTGGGCTCCAGTCTGAAGATGAGGCTGACTATTACTGTGCCATATGGCACAGCAGCGCTTCT
588263,588546,IGLV(I)-68*01,pseudo,ATGGCCTGAGCTCCTCCCTTTCTCCCCCTTCTCATCCACTGCACAGGT,GTTCTGGTC,TGCAGTG,AGGAAAACC,CAGTCTGTGCTGACGCAGTGATGGAAAGTGTTCATGTGGGTGCGGCAAACTGCCACCATCTATCACACTGGAAGCAGAAGCAAGGGTGGGTGTGGATCTGTGTCCTGGCACCAGCAGTGTCCCCAAACTCCTCATCTATGACAGCAGTCATCGGCCAGCACAGGTCCCAGCCCAGTTCTTGGGCCCCAGGTTGGGGATCATGGCCTCCCTGAGCACCTCTGGGCTCCAGGCAGTGAAGGAAGCTGATTCTTATGAGCATCTTGAGACACAAGCATCCAAGATTA
593859,594154,IGLV1-67*01,functional,ATGACCTGGTCCCCTCTCCTCCTCACCCTTCTCATTCACTGCACAGGT,GGTCCTGGGCC,CACGGTG,ACAAGAACC,CAGTCTGTGCTGACGCAGCCGCCCTCAGTGTCTGCGGCCCCAGGACAGAGGGTCACCATCTCCTGCTCTGGAAGCAGCTCCAACATCGGGAGAAGTTATGTATCCTGGTACCAGCAGGTCCCAGGAACAGCCCCCAAACTCCTCATCTATCAAGATAATAAGCGACCCTCAGGGGTTTCTGACCGATTCTCTGGCTCCAAGTCTGGTACCTCAGCCTCCCTGGCCATCACTGGACTCCAGACTGGAGATGAGGCGGATTATTACTGCTCAGCATGGGATAGCAGCCTGAGTGCTCA
598032,598327,IGLV1-66*01,functional,ATGGCCTGGTCTCTCCTTCTCACTCTGCTGGTTCACTGCACAGGT,GGTCCTGGGCC,CACAGTG,ACAAGAACC,CAGTCTGTGCTGACGCAGCCGCCCTCAGTGTCTGGGGACCCCGGGCAGAGGGTCACCATCTCCTGCACTGGGAGCAGCTCCAACATTGGAGGTTATGATGTATACTGGTACCAGCAGCTCCCAGGAACAGCCCCCAAACTCCTCATCTATGAAAATAATAAGCGACCCTCAGGGGTTTCTGACCGATTCTCTGGCTCCAAGTCTGGTACCTCAGCCTCCCTGACCATCACTGGACTCCAGTCTGAGGATGAGGCTGAATATTACTGCGAAACATGGGATAACAGTCTGAATGGTCC
603040,603335,IGLV1-65*01,functional,ATGACCTGGTCTCCTCTCCTCCTCACTCTCCTCGCTCACTGCACAGGT,GGTCCTGGGCC,CACGGTG,ACAAGAACC,CAGTCTGTGCTGACGCAGCCGCCCTCAGTGTCTGGGGACCCCGGGCAGAGGGTCACCATCTCGTGCACTGGGAGCAGCTCCAACATTGGAGGTTATTATGTATACTGGTACCAGCAGTTCCCAGGAACAGCCCCCAAACTCCTCATCTATGACAATAATAAGCGACCCTCAGGGGTTTCTGACCGATTCTCTGGCTCCAAGTCTGGTACCTCAGCCTCCCTGACCATCACTGGGCTCCAGCCTGGGGATGAGGCTGATTATTACTGCGGAGCATGGGATAGCAGCCTGAGTGCTCA
608864,609159,IGLV1-64*01,functional,ATGGCCTCGTCTCCTCTCCTCCTCACCCTTCTCATTCACTGCACAGGT,GGTCCTGGGCC,CACAGTG,ACAAGAACC,CAGTCTGTGCTGACACAGCCGCCCTCAGTGTCTGGGGCCCCAGGGCAGAGGGTCACCATCTCGTGCACTGGGAGCAGCTCCAACATTGGAGGTTATTATGTATCCTGGTACCAGCAGCTCCCAGGAACGACCCCCAAACTCCTCATCTATCAAGATAATAAGCGACCCTCAGGGGTTTCTGACCGATTCTCTGGCTCCAAGTCTGGTACCTCAGCCTCCCTGACCATCACTGGGCTCCAGACTGAGGATGAGGCTGATTATTACTGCCTGTCCTATGACAGCAGCCTGAGTGCTCA
<629971,630186,IGLV(I)-63*01,pseudo,ATGCCCTGTATCCCTCTGCTGCTCACCCTCCTCAGTCTCTGCACAGGA,,CACGGTG,ACAGGAACA,CAGCCATAAGGGTCTTGAGATTATGTCCTGGTACCAACAATGAACAGGAAGTACCCTTAAGCCTCTGATCCATAGATATAAATGTCCACCTGCAGATCCAGAACTGATTCTTGAGTGATCAGTCTATAAAGGAGACCTTCCTGAGCATATCTGGGCTCCAGGCTGAGGACAAGGCTGGTCATTAATGTTGGATTTAGACAGTCCTCTGGAGGCCCC
631643,631954,IGLV5-62*01,functional,ATGGCCTGGACTCCTCTCCTCCTCCTGCTCCTCTCTCACTGCACAGGT,GTTCCCTCTCC,CACAGTG,ACAAAATCT,AAGCCTATGCTGACTCAGCCGGCCTCCCTCTCAGCATCTCCTGGAGCATCAGCCAGTCTCACATGCACCTTCAGCGGTGGCATCAATGTTGCTGGCTACCACATATTCTGGTACCAGCAGAAGCCAGGGAGTCCTCCCCGGTATCTTCTGAGGTACAAATCAGACTCAGATAAGGGCCAGGGCTCTGGAGTCCCCAGCCGCTTCTCTGGATCCAAAGATGCTTCAGCGAACACAGGGATTTTACGCATCTCTGGGCTCCAGTCTGAGGATGAGGCTGACTATTACTGTGCCATTGGGCACAGCAGCGGTCCT
633063,633376,IGLV(I)-61*01,pseudo,,,CATGGTG,AAAAAATCC,GCCTCCTAGACCACCTCTGGGCTCCAGCCTGAGGACCCGTCTGGTTATCAGTGTCACACAGCTGCACCCTGACTCCATGTTGCCAAAGGTTACTGTTCCACAGGGAAATGAGAGAAGATCCGCCCCACTCATCCTCTCTGCCCGTCCCTCCTTTATCCCTGCCTGTGACCAACGCCAGTTCATGCCAAGGCTTCTGCTGTCACTTGTGTTACTGAAACAGACCAGAAAGTTCAGTAAAAAAAATTCCTTTTCTTACTGGTCTCCGAGTGCAAACAGAATCAAATTGTTTCTAGAAACAAAAGGAGCTACCCACA
636192,636487,IGLV1-60*01,functional,ATGGCCTGGTTCCCTCTCGTCCTCACCCTCCTCACTCACTGTGCAGGT,GGTCCTGGGCC,CACAGTG,ACAAGAACC,CAGTCTGTGCTGACTCAGCCTCCCTCAGCGTCTGAGGCCGCCAGGAAGAGTGTCACCATCTCCTGTTCTGGAAGCAGCTCCAACATCGGAAGTAATAGTGTATCCTGGTACCAGCAGCTCCCAGGAACAGCTCCCAAACTCCTCATCTATTATAATGATCAACGAGCCTCAGGTGTCTCTGACCGATTCTCTGGCTCCAAGTCTGGCACGTCAGCCTCCCTGGCCATCAGTGGGCTCCAGACCGAGGATGAGGCTGATTATTACTGCGCAGCATGGGATGATAGCCTGAGCGGTCC
654221,654514,IGLV7-59*01,pseudo,ATGGCCTGGACTCCTCTCCTTCTCCTTCTCCCCCTGTACCTCCTCACTTGCTGT,GGTCGAATTCT,CATAGTG,ACATAAACC,CAGGCTGTGGTGACTTAGGAACCCTCACTGACTGTGTTCCCAGGAGGGACAGTCACTCTCGTCTGTGCCTCCAGTGCTGGAGCAGTCACTGGGGGTCATTATCCCTACTGGGTCCATCAGAAGCCTGGCCAAGCCCCCAGGACACTGATTTATCATGCAAGCAACAAACACTCCTGGATCCCTGCCCAGTTCTCAGGCTCCTTCCTTGGGGGCAAAGCTGCCCTGACACTCTCAGGTGTGCAGCCCAAGGACGAAGCTGAGTATTACTGCTTACTGCACCATAGTGGTGCTTGG
674097,674405,IGLV5-57*01,pseudo,TTGGCCTGGACTCCTCTCCTCCTCTTGCTCCTCTCTCACTGCACAGGT,GTTCCCTCTCC,CACAGTG,ACAAAAACA,CAGCCTGTGCTGACCCAGCCTCCTTCCTTTTCTACATCTGGAGCATCAGCCAGTTTCACCTGCACTTTGCGCAGCGACATCAATGTTAGTAGATACCGAGTATATTGGTACCAGCAGAAGCCAGAGAGCCCTCCCAGGTATCTCCTGAGCTACTACTCAGACTCATATAAGCACCAGGGCTCTGGAGTCCCCAGCCGCTTCTCTGGATCCAAAGATGCCTCGGTCAATGCAGGGCTTTTACTCATCTCTGGACTCCAGCCTGAGGATGAGGCTGACTATTATTGTAAGACTGGGTATGGCAATGCTTCT
687313,687603,IGLV7-56*01,pseudo,,GGTCTAGCTCT,CATAGTG,AGAAATATG,CAAGCTGTGGTGATTCGGGAGCCTTCATTGACCATGTCATCTGGAGGGATAGTCACTCTCACCTGTGGCTCTAGTACTGAAGTGGTCACTAATGTTCACTAGCCATATTCGTTACAGCAGAAATCTGGCCAAGTCTCCAGAACACTGATTTATAATTCAGGCAACAATTCATGGGCCCCTGCGTGGTTCTCAAGATCCCTCCTTGGGAGCAAGGCGGTCCTCACCCTCTCAGGTGCCCAGCATGAGAATGAGGCTGAATATTATTGCTGGTTGTACCATAGTGGTGTTCAG
701509,701802,IGLV7-55*01,pseudo,,GACTCACTTCT,CACAGTG,ACACAAACT,CAGGCTGAGGTGATCCAGGAAACCTCACGGACCACAAACCCTGGAGAGACCATCACACTCACCTGTGGCTCCAGTGCTGGGGCTGTCACCACAAGCAACTACGCAGACTGGTTCCAACAGAAGCCCAACCAAGTTCCCCGAGGTCTGATTGGTGACAACACCTATAGAAACCCAAATGTCCCTGAGCGGTTCTCTGGCTCCCTGCGTGCAGGCAAGGCTGTCCTCGCCATCACAGGAGCTCAGCCTGAAGATGAAGCATTTTACTACTGTGCTCTCTGGTCCACTGATCACTGC
832058,832334,IGLV2-51*01,pseudo,ATGGCCTGGGCTCTGCTCCTCCTCACTCTCCTCACTCATGGCACGGGT,GGTCCTGGGCC,CACAGTG,ACCAAAACC,CGGTCTGCCCTGACTGAGCTTCCTTTTGTGTCCCAGGCTCCAGGACAGTTAGTCACCATCTCCTGCACTGGAACCAGCAGTGACGTTAGGGTACCAACAGCGTCTCAGCACTACCTCCAGACTCCTGATTTACAGTGTCAACACTCGGCCCTCAGGGATCTCTGACCACTTCTCAGGCTCCAAGTCTGGCAACATGGCTTCCCTGACCATCTCTGGGCTCAAGTCCAAGGATGAGGCTAATTATCACTGCAGCTTATATTCAAGCAGTTACACTTTC
<835954,836173,IGLV(II)-50*01,pseudo,,,TACAGTG,ACAGGAACC,GCTATTGGAGGTGGATATGTTTATTCGTACCAGCAGAAGTCAGGCCGGACCCCTGTGCCAGTCATCTATAAGGATAGCAAGTGGCCCTCAGGGACCCCTGAGTGATTCTCTGGCTCTAACTTGTGGAACACAGCCACTCTGACCATTAGTGGGGTCCAGGCCAGGGATGAGCCTATTACTATAGCACCTATGATGGCAGTGGGAGCAGCAGGCAGTGGCT
845377,845660,IGLV3-48*01,functional,ATGGCCTGGATCCCTCTCCTGCTCCCCCTCCTCGCCCTCTGCACAGGT,GCTCTGTGGCC,CACAGTG,ACACAAACC,TCCTATGAGCTGACACAGCCACCCTCGGTTTCGGTGTCCCCGGGACAGACGGCCAGGATCACCTGCTCTGGAGATGCATTGCCAAAAAATTATGCTTATTGGTACCAGCAGAAGCCAGGCCAGGTGCCTGTGCTGGTGATTTATAAAGACAGTGAGCGGCCCTCAGGGATTCCTGAACGTTTCTCTGGCTCCAGCTCAGGGACCACAGTCACCCTGACCGTCAGCGGGGCCCAGGCTGAGGATGAGGCTGACTATTACTGTTACTCTGGGGATGGCAACAGTCT
850544,850832,IGLV3-47*01,pseudo,ATGGCCTGGACCACTCCCCTGCTCACCCTCCCCATTGTCTGT,GCTCTGTGGCC,CACAGTG,ATCTAAAGA,TCCTCTAAGCTGACTCAGGAGTCAACAGCGTCTGTGACCCTGGGACAGTCAGCCACGGTAACCTGCCAGGGAGACAACCTAAGAAGCCATGGTACAAACTGGCACCAGGAGACACCAGGCCAGGCTCCTGTGTGGGTCATACATGGAAACAACAACCAGCCCTCAGGGATCCCAGATCAATTCTCTGGCTCCAACTCAGGAACACAGCCATCCTGACCATCACCGGGGCTTAGGCTGAACATGAAGCTGACTATTACTGTCACTCATGGGAAAGCAGTGCTACTCATCT
854942,855238,IGLV2-46*01,functional,ATGGCTTGGACTCTGCTCCTCGTCACCCTCCTCACTCAAGGCACAGGT,GATCCTGGGCT,CACAGTG,ACCAAAACC,CAGTCTGCCCCGACTCAGCCTCCCTCTGTGTCCGGGTCTCCTGGACAGTCGGTCACCATCTCCTGCACTGGAACCAGCAGTGATATTGGGTATTATAATGCTGTGTCTTGGTACCAACAGCACCCAGGCACAGCCCCCAAACTCATGATTTATGGTGTCAGTAATCGGCCCTCAGGGGTCTCTGATCGCTTCTCTGGCTCCAAGTCTGGCAACACGGCCTCCCTGACCATCTCTGGGCTCCAGGCTGAGGACGAGGCTGATTATTACTGTTGTTCATATACAACCAGTAGCACTTTC
858172,858451,IGLV3-45*01,pseudo,ACAGCCTGGACCCTTCTCCAGCTCCCCCTCCTCAGCTTCTGCACAGGT,GCTCTGTGGCC,CACAGTG,ACACAAACC,TCCTATGAGCTGACACAGCCACCCTTGGTGTCAGTGTCTCCAGGACAGGCAGCCAGGATCACCTGCTCTGGAGATGTACTGAGGGAAAATTAAGCTGACTGGTACCAGTGGAAACCAGGCCAGGCCCCTGTGCTGCTGATATATAAAGATGGTGAGTGGCCTTCTGGAATGCCTGAGTGATTCTCTGGGTCCACCTGAGGGAACACGACCATCCTGACCATCAGCAGGGCCCTGAACAAAGATGAGGCTATTGCTCTTTTTCTGAGGATGAGGACAATCC
867394,867683,IGLV3-44*01,functional,ATGGCCTGGACTTTTCTCCTCCTCGGCCTCCTTGCTTACTGCACAGGT,GCTCTGCGGCC,CACAGTG,ACCAAAACA,TCCTATGATCTGACTCAGCCACCCTCGGTGTCAGTGTCCCCAGGACAGACGGCCAGGATCACCTGTGGGGGAGACAACATTGGAAGTGAAGCTGTGCACTGGTACCAGCAGAAGCCACCGCAGGCCCCTGTGCAGGTCATCTATAGTGATAGCGAACGGCCCTCAGGGATCCCTGAGCGATTCTCTGGCTCCAAATCAGGGAACACCGCCACCCTGACCATCAGCGGGGTCGAGGCCGGGGATGAGGCTGACTATTACTGTCAGGTGTGGGACATTAGTAGTGATCATCC
874841,875130,IGLV3-43*01,functional,ATGGCCTGGACCCCTCCCCTGCTCATCCTCCTCACTCTCTGCACAGGT,GTTCCGTGGTT,CACAGTG,ACAGAAACC,TCCTCCGGGCTGACTCAGGAGCCTGCATTGTCTGTGGCCTTGGGACATACAGTCAGGATGACCTGCCAAGGAGACAGCCTCAAAACCTATTATGCAAGCTGGTACCAGCAGAAGCCAGGCCAGGTCCCTGTGCTGGTCATCTATGGTAACAACTACCGGCCCTCAGGGATCCCAGGCCGATTCTCTGTCTCCTGGTCAGGAAACACAGGTTCCTTGACCATCACTGCGGCTCAGGTGGAAGATGAGGCTGACTATTACTGTAACTCCTGGGACAGCAGCGGTACCCATCC
881315,881614,IGLV2-42*01,pseudo,ATGGCTTGGCCTCTGGTCCTCCTCACCCTCCTCACTCAGGGCACAGGT,GATCCTGGGCT,CACAGTG,ACCAAAACC,CAGTCTGCCCCTGACTCAGCCTCCCTCAGTGTCCCAATCTCTTGACAGTCGGTCACCATCTCCTGCACTGGAACAGCAGTGACATTGGTGGTTATAATACGGTGTCTCCTGGTACCAGCAGCACTCAGCCACAGCCCCAGACTCCTGATTTATGAGGTCAGTAAGCGGCCCTCAGGGTCTCTGATCGCTTCTCTGGCTCCAATCTGGCAACAACGGCCTCCCTGACCATCTCTGGGCTCCAGGCTTGAGGATGAGGCTTGATTATTACTGCGGCTCATATAGGAAGTGGAAAGCACTTTC
884512,884794,IGLV3-41*01,pseudo,ATGGCCTGGACCCCTCTTCGGCTCTCCCTCCTCACCCTCTGCAAAGGT,GCTCTGTGGCC,CACAGTG,ACACAAATC,TCCTATGAGCTGACACAGCCACCCTTGGTGTCAGTGTCCTCAGGACAGACAGCCAGGATCACCTGCTCTGGAGATGTACTGAGGGAAATTATGCTGACTGGTACCAGGAGAAGCCAGGCCAGGCCTCTGTGCTGCTGATATATAAAGATGGTGAGCGACCTCCGGGAATCCCTGAGCCATTCTCTGGGTCCACCTCAGGGACACGATCGCCCTGACCGTCACCAGGGTCCTGAACAAAGACACGGCTGACTATTACTGTTTTTCCCGGGGATGAGAACAATCC
893610,893899,IGLV3-40*01,functional,ATGCTCATGACCCTGCTGCAGGGTGGGGGCTGTTGGGGC,GCTCTGCGGTC,CACAGTG,ACCAAAACA,TCCTATGAGCTGACTCAGCCACGCTCAGTGTCCGTGTCCCCAGGACAGACGGCCAGGATCACCTGTGGGGGAGACAACATTGGAAGTAAAAGTGTGCAGTGGTACCAGCAGAAGCCACCGCAGGCCCCTGTGCTGGTCATCTATGCTGATAGCGAACGGCCCTCAGGGATCCCTGAGCGATTCTCTGGCTCCAACTCAGGGAACACCGCCACCCTGACCATCAGCGGGGTCGAGGCCGGGGATGAGGCTGACTATTACTGTCAGGTGTGGGACAGTAGTAGTGATCATCC
898088,898377,IGLV3-39*01,functional,ATGGCCTGGACCCCTCCCCTGCTCATCCTCCTCACTCTCTGCACAGGT,GTTCCGTGGTT,CACAGTG,ACAGAAACC,TCCTCTGAGCTGACTCAGGAGCCTGCATTGTCTGTGGCCTTGGGACATACAGTCAGGATGACCTGCCAAGGAGACAGCCTCAAAACCTATTATGCAAGCTGGTACCAGCAGAAGCCAGGCCAGGTCCCTGTGCTGGTCGTCTATGGTAACAACTACCGGCTCTCAGGGATCCCAGGCCGATTCTCTGTCTCCTGGTCAGGAAACACAGGTTCCTTGACCATCACTGCGGCTCAGGTGGAAGATGAGGCTGACTATTACTGTAACTCCTGGGACAGCAGCGGTACCCATCC
904569,904865,IGLV2-38*01,functional,ATGGCTTGGGCTCTGGTCCTCCTCACCCTCCTCACTCAGGGCACAGGT,GATCCTGGGCT,CACAGTG,ACCAAAACC,CAGTCTGCCCTGACTCAGCCTCCCTCAGTGTCCAAGTCTCTTGGACAGTCGGTCACCATCTCCTGCACTGGAACCAGCAGTGACATTGGTGGTTATAACGGTGTCTCCTGGTACCAGCAGCACTCAGGCACAGCCCCCAGACTCCTGATTTATGAGGTCAGTAAGCGGCCCTCAGGGGTCTCTGATCGCTTCTCTGGCTCCAAGTCTGGCAACACGGCCTCCCTGACCATCTCTGGGCTCCAGGCTGAGGATGAGGCTGATTATTACTGCGGCTCATATAGGAGTGGAAGCACTTTC
907768,908050,IGLV3-37*01,pseudo,ATGGCCTGGACCCCTCTTCGGCTCTCCCTCCTCACCCTCTGCAAAGGT,GCTCTGTGGCC,CACAGTG,ACACAAATC,TCCTATGAGCTGACACAGCCACCCTTGGTGTCAGTGTCCTCAGGACAGACAGCCAGGATCACCTGCTCTGGAGATGTACTGAGGGAAAATTATGCTGACTGGTACCAGGAGAAGCCAGGCCAGGCCTCTGTGCTGCTGATATATAAAGATGGTGAGCGACCTCCGGGAATCCCTGAGCCATTCTCTGGGTCCACCTCAGGGACACGATCGCCCTGACCATCACCAGGGTCCTGAACAAAGACACGGCTGACTATTACTGTTTTTCCGGGGATGAGAACAATCC
916880,917169,IGLV3-36*01,functional,ATGGCCGGGACCCTTCTCCTCCTCGGCCTCCTCGCTCACTGCACAGGT,GCTCTGCGGTC,CACAGTG,ACCAAAACA,TCCTATGAGCTGACTCAGCCACCCTCGGTGTCAGTGTCCCCAGGACAGATGGCCAGGATCACCTGTGGGGGAGACAACCTTGGAAGTAAATATGTGCACTGGTACCAGCAGAAGCCAGCGCAGGCCCCTGTGCTGGTCATCTATTATGATAGTGACCGGCCCTCAGGGATCCCTGAGCGATTCTCTGGCTCCAAATCAGGGAACACCGCCACCCTGACCATCAGCGGGGTCGAGGCCGGGGATGAGGCTGACTATTACTGTCAGGTGTGGGACAGTAGTAGTGATCATCC
921357,921646,IGLV3-35*01,pseudo,ATGGCCTGGACCCCTCCCCTGCTCATCCTCCTCACTCTCTGCACAGGT,GTTCCGTGGTT,CACAGTG,ACAGAAACC,TCCTCCGGGCTGACTCAGGAGCCTGCATTGTCTGTGGCCTTGGGACATACAGTCAGGATGACCTGCCAAGGAGACAGCCTCAAAACCTATTATGCAAGCTGGTACCAGCAGAAGCCAGGCTAGGTCCCTGTGCTGGTCATCTATGGTAACACCAATAGGCCCTCGGGGATCCCAGGCCGATTCTCTGGCTCCTGGTCAGGAAACACAGGTTCCTTGACCATCACTGGGGCTCAGGTGGAAGATGAGGCTGACTATTACTGTAACTCCTGGGATAACAGTGGTACCCATCC
937784,938073,IGLV3-34*01,functional,ATGGCCGGGACCCTTCTCCTCCTCGGCCTCCTTGCTCACTTTACAGGT,GCTCTGCGGCC,CACAGTG,ACCAAAACA,TCCTATGAGCTGACTCAGCCACGCTCAGTGTCCGTGTCCCCAGGACAGACGGCCAGGATCACCTGTGGGGGAGACAACATTGGAAGTAAAAGTGTGCAGTGGTACCAGCAGAAGCCACCGCAGGCCCCTGTGCTGGTCATCTATGCTGATAGCGAACGGCCCTCAGGGATCCCTGAGCGATTCTCTGGCTCCAACTCAGGGAACACCGCCACCCTGACCATCAGCGGGGTCGAGGCCGGGGATGAGGCTGACTATTACTGTCAGGTGTGGGATAGTAGTAGTAAATACCC
942263,942552,IGLV3-33*01,functional,ATGGCCTGGACCCCTCCCCTGCTCATCCTCCTCACTCTCTGCACAGGT,GTTCCGTGGTT,CACAGTG,ACAGAAACC,TCCTCTGAGCTGACTCAGGAGCCTGCATTGTCTGTGGCCTTGGGACATACAGTCAGGATGACCTGCCAAGGAGACAGCCTCAAAACCTATTATGCAAGCTGGTACCAGCAGAAGCCAGGCCAGGTCCCTGTGCTGGTCATCTATGGTAACAACTACCGGCCCTCAGGGATCCCAGGCCGATTCTCTGTCTCCTGGTCAGGAAACACAGGTTCCTTGACCATCACTGCGGCTCAGGTGGAAGATGAGGCTGACTATTACTGTAACTCCTGGGACAGCAGTGGTACCCATCC
948722,949018,IGLV2-32*01,functional,ATGGCCTGGGCTCTGCTCCTCCTCACCCTCCTCACTCAGGGCACAGGT,GATCCTGGGCT,CACAGTG,ACCAAAACC,CAGGCTGCCCTGACTCAGCCTCGCTCAGTGTCTGGGTCTCCTGGACAGTCGGTCACCATCTCCTGCACTGGAACCAGCAGTGACATCGGTGGTTATAACTATGTCTCCTGGTACCAACAGCATCCAGGCACAGCCCCCAAACTCATGATTTATGCGGTCAGTAAGCGGCCCTCAGGGGTCTCTGATCGCTTCTCTGGCTCCAAGTCTGGCAACACGGCCTCCCTGACCATCTCTGGGCTCCAGGCTGAGGACGAGGCTGATTATTACTGCTGCTCATATGCAGGCAGCTACACTTTC
958321,958604,IGLV3-30*01,functional,ATGGCCTGGACCACACTCCTGCTCCCGCTCCTCACCCTCTACACAGGT,GCTCTGTTGCC,CACAGTG,ACACAAACC,TCCTATGAGCTGACACAGCCACCCTTGGTGTCAGTGTCCCCAGGACAGACAGCCAGGATCACCTGCTCTGGAGATGTACTGAAGGAAAATTATGCTGACTGGTACCAGCAGAAGCCCGGCCAGGCCCCTGTGCTGCTGATACATGAAGATAGTAAGCGACCCTCTGGAATCCCTGAGCGATTCTCTGGGTCCACCTCAGGGGACACGACCACCCTGACCATCAGCAGCACCCTGAGTGAAGATGAGGCTGACTATTCCTGTTTTTCTGGGAATGAGAACAATCC
966617,966906,IGLV3-29*01,functional,ATGGCCTGGACCCTTCTCCTCCTCGGCCTCCTCGCTCACTGCACAGGT,GCTCTGCGGCC,CACAGTG,ACCAAAACA,TCCTATGATGTGACTCAGCCACGCTCAGTGTCTGTGTCCCCAGGACAGACGGCCAGGATCACCTGTGGGGGAGACAACATTGGAAGTAAAGTTGTGCACTGGTACCAGCAGAAGCCAGCGCAGGCCCCTGTGCTGGTCATCTATAGAGATAGCAAACGGCCCTCAGGGATCCCTGAGCGATTCTCTGGCTCCAACTCAGGGAACACGGCCACCCTGACCATCAGCGGGGTCGAGGCCGGGGATGAGGCTGACTATTACTGTCAGGTGTGGGACAGTAGTAGTGATCATCC
<968996,969150,IGLV(I)-28*01,pseudo,,,CACAGTG,ACCCAAACT,CCCATGATTATGGTGTCAGTATTCAGGCCTCGAGGGTCCCTGATGGCTTCTCTGGCTCCAAGTCTAGCAACACAGCCTCCATGACCATCTCTGGATTCTAGGTTAAGGATGAGGCTGATTATTACTGCAGCTCACATAGGAGAGGTGGCACTTTC
974258,974547,IGLV3-27*01,functional,ATGGCCTGGACTCCTCTCTGGCTCACCCTCCTCAGTCTTTGCACAGGT,GTTCTGTGGTT,CACAGTG,ACAGAAACC,TCTTCTGAGCTGACTCAGGACCCTGCAGTGTCTGTGGCCTTGGGACAGACAGTCAGGATCACCTGCCAAGGAGACAGCCTCAGAAGCTATTATGCAAGCTGGTACCAGCAGAAGCCAGGCCAGGCCCCTGTGCTGGTCGTCTATGGTAACAACAACCGGCCCTCAGGGATCCCAGAGCGATTCTCTGGCTCCAGCTCAGGAAACACAGCTTCCTTGACCATCACTGGGGCTCAGGTGGAAGATGAGGCTGACTATTACTGTGACTCCTGGGACAGCAGCGGTACCCATCC
992786,993082,IGLV2-26*01,functional,ATGGCCTGGGCTCTGCTCCTCCTCACCCTCCTCACTCAAGGCACAGGC,GATCCTGGGCT,CACAGTG,ACCAAAACC,CAGGCTGCCCTGACTCAGCCTCCCTCAGTGTCCAAGTCTCTTGGACAGTCGGTCACCATCTCCTGCGCTGGAACCAGCAGTGGCATTGCTAGTTATAGTGACATCTCCTGGTACCAGCAGCACCCAGGCACAGACCCCAGACTCCTGATTTACCGTGTCAGTAATCGACCCTCAGGGGTCTCTGATCGCTTCTCTGGCTTCAAGTCTGGCAGCACAACCTCCCTGACCATCTCTGGACTCCAGGCTGAGGACGAGGCTATTTATTACTGCTGCTCATATAGGAGTGGAAGCACTTTC
1001158,1001447,IGLV3-25*01,functional,ATGGCCTGGACCCTTCTCCTCCTCGGCCTCCTCGCTTACTGCACAGGT,GCTCTGCGACC,CACAGTG,ACAAAAACA,TCCTATGAGCTGACTCAGCCACCCTCGGTGTCAGCGGCCTCAGGACAGACGGCCAGGATCACCTGTGGGGGAGACAACATTGGAAGTAAATATGTGCACTGGTACCAGCAGAAGCCAGCGCAGGCCCCTGTGCAGGTCATCTATGCTGATAGCAAACGGCCCTCAGGGATCCCTGAGCGATTCTCTGGCTCCAACTCAGGGAACACCGCCACCCTGACCATCAGCGGGGTCGAGGCCGGGGATGAGGCTGACTATTACTGTCAGGTGTGGGACAGTAGTAGTGATCATCC
<1004347,1004501,IGLV(I)-24*01,pseudo,,,CACAGTG,ACCCAAACT,CCCATGATTATGGTGTCAGTATTCAGGCCTCGAGGGTCCCTGATGGCTTCTCTGGCTCCAAGTCTAGCAACACAGCCTCCATGACCGTCTGTGGGTTCCAGGCTGAGGATGAGGCTGATTATTACTGCAGCTCACATAGGAGAGGTGGCACTTTC
1013268,1013564,IGLV2-23*01,functional,ATGGTCTGGGCTCTGCTCCTCCTCACCCTCCTCACTCAGGGCACAGGT,GATCCTGGGCT,CACAGTG,ACCAAAACC,CAGGCTGCCCTGACTCAGCCTCCCTCTGTGTCTGGGTCTCCTGGACAGTCGGTCACCATCTCCTGCACTGGAACCAGCAGTGACATCGGTGGTTATAACTATGTCTCCTGGTACCAGCAGCACCCAGGCAAAGCCCCCAAACTCATGATTTATGATGTCAGTAAGCGGCCCTCAGGGGTCTCTGATCGCTTCTCTGGCTCCAAATCTGGCAACACGGCCTCCCTGACCATCTCTGGGCTCCAGGCTGAGGATGAGGCTGATTATTACTGCAGCTCATATGCAGGCAGCAACACTTTC
1020136,1020425,IGLV3-22*01,functional,ATGACCTGGACCACTGTTCTGCTCCCCTTTCTCACTCTCTGCACAGGT,GCTCTGAGGCC,CACAGTG,ACATAAACC,TCCTATGAGCTGACACAGCCACCCTCAGTGTCAGTGTCCCCAGGACAGACGGCCAGGATCACCTGCTCTGGAGAAATACTGGCAAAAAAATATGCTCAGTGGTTCCAGCAGAAGCCAGGCCAGGCCCCTGTGCTGGTGATATATAAAGACAGTGAGAGGCCCTCAGGGATCCCTGAGCGATTCTCTAGCTCCAGTTCAGGGACAACAGTTACCTTGACCATCAGTGGGGCCCAGGCAGAAGATGAGGCTGACTATTACTGTCAATCAGCAGACAGCAGTGGTAATCATCC
1028656,1028941,IGLV3-20*01,pseudo,ATGGCCTGGTCCCTCTTTTCCTGGGTCTCCTGACTCACTGCACAGGT,GCTCTGTCATC,CACAGTG,ACACAGGCT,TCTTGTGAACTGACACAGTCACCCTCAGTGTCAGTGGCCCCAGGACAGATGACCAGGATCACCTGTGGAGAAAGTAACATTGGAAGTAAAAGTGCTCAATGGTACCGGCAGAAGCCAGGCCAGGCCCGTGTTTGGGTCATCTATGGGGATAGCAGGCGGCCTTCAGGAATCTGTGAGAGATTCTCTGGCTCCAACTTGGAGAACACAGCCAACCTGACCATCAACAGGGCCCAGGCTGGGGATGAGGCTATTACTGTAAGATGTGGGACATTAATGCTCCTCATCC
1036896,1037192,IGLV2-19*01,functional,ATGGTCTGGGCTCTGCTCCTCCTCACCCTCCTCACTCAGGGCACAGGT,GATCCTGGGCT,CACAGTG,ATCAAAACC,CAGGCTGCCCCGACTCAGCCTCCCTCTGTGTCCGGGTCTCCTGGACAGTCGGTCACCATCTCCTGCACTGGAACCAGCAGTGATATTGGGTATTATAATGCTGTGTCTTGGTACCAACAGCATCCAGGCAAAGCCCCCAAACTCATGATTTATGAGGTCAGTAAGCGGCCCTCAGGGGTCTCTGATCGCTTCTCTGGCTCCAAGTCTGGCAACACGGCCTCCCTGACCATCTCTGGGCTCCAGGCTGAGGACGAGGCTGATTATTACTGCAGCTCATATGCAGGTAGTGGTACTTTC
1046528,1046815,IGLV3-18*01,ORF,ATGGCCTGGACCCCTCCCCTGCTCACCCTCCTCACTCTCTGCACAGCT,GCTCCGTGGTT,CACAGTG,ACAGGCAGA,TCCTCTGAGCTGGCTCAGGAGTCTGCGGTGTCTGTGGCCTTGTTACAGATGGCCAGGAGGATCACCTGCCAGGGAGATGGCATAGGAAACTACTACACAAACTGGTGCCAGCAGAAGCCAGGCCGAGCCCTAGTAGGGGTCACCTGTGGTAACAACTGTCCCTCAGGGATCCCAGACAAATTCTCTGGCTCCAAATCAGAGAAGAAGGCCATCCTGACCATCACTGGGACTCAGGTTGAAGATGAAGCCGACTATTACTTTCTATCACGACAGCAGTGGTACTCATCC
1056526,1056845,IGLV4-17*01,ORF,ATGGCCTGTGTCTCCTTCTACCTCCTGCCCTTCATTTTCCCCACAGGT,GTCTCTGTGCT,CACAGTG,ACATACCCC,CTGTCTGTGCTGACTCAGCCCCCGTCTGCATCTGCCTTGCTGTCGGCCTCGGCCAAGCTCACCTGCACCCTCAGCAGTGAGCACAGCACCTATACCACTGAACGGTATCAACAGAGACCAGGGAGGTCCCCCTCCTCCCAGTGTATAACGAAGGTTAAGAGTGATGGCAGCCACAGCAAGGGGAACAGGATCCCCAATCACTTATTGGGCTCCAGCTCTGGGGCTGAATGCTACTTAATTATCTTCAACCTCCAATCTCAGGATGAGGCCAAATATCACTGTGGAGACAGCCACATGTTTGATGGTGAGGATGGGTGAGC
1060550,1060839,IGLV3-16*01,pseudo,ATAGCCTGGATTCCTCTCCTACTCCCCATCCTCACTTTCTGCACAGGT,GCTCTGCAGCC,CACAGTG,ACACAAACC,TCCTATGAGCTGACACAGCCACCCTCGGTGTCAGTGTCCCCAGGACAGACGGCCAGGATCACCTGCTCTGGAGATGCATTGCCAAAAAAATATGCTTATTGGTTCCAGCAGAAGCCAGGCCAGTCCCCTGTGCTGATCATCTATGAGGACAGCAAACGGCCCTCTGGGATCCCTGAGAGATTCTCTGGCTCCAGCTCAGGGACAGTGGCCACCTTGACTATCAGTGGGGCCCAGGTGGAGGATGAAGCTGACTACTACTGTTACTCAACAGACAGCAGTGGTAATCATAG
1063214,1063503,IGLV3-15*01,pseudo,,CTCTGTGCC,CACAGTG,ACACAACTG,TCCTACATGCGGGGACAGCTCCCCTCAGTGTCAGTGGCCCTGGGACAGATGACCATGATCATATGCTCTGGAGATAACCTCAGAATAAACACGCATTTTGGAAAAAGCAGAAGCCAAGCCAGGCCTCAATGATGGTCCTCTAGTATAACAGCAACCAGCCCTCAGAGACCTTTCCTTAATTTTTAGGCCACAAACTAGGGAACATGGCTACTCTATCAGCAATGCCCAGGCCAGGGACCAAGCTACTACTGTGCCTCAGATTGTGGCAGTGGGGGCAGCTGGCAGGGACT
1067986,1068270,IGLV3-14*01,functional,ATGGCCTGGACCGCTCTCCTCCTCAGCCTCCTCGCTCACTTTACAGGT,GCTCTGTGGCC,CACAGTG,ACACAAACC,TCCTATGAGCTGACTCAGCCACTCTCAGTGTCAGTGGCCCTGGGACAGATGGCCAGGATCACTTGTGGGGGAAACAATATTGGAAGAAAATATGTGTACTGGTACCAGCAGAAGCCAGACCAGGCCCCTGTGCTGGTCATCTATGAGGATAGCAAGCGGCCCTCGGGGATCCCTGAGCGATTCGCTGGCTCCAACTCGGGGAACACCGCCACCCTGACCATTGACGGAGCCCAAGCCAGGGATGAGGCTGACTATTACTGTCAGGTGTGGGACAGCAGCACTGCA
1071352,1071648,IGLV2-13*01,functional,ATGACCTGGGCTCTGGTCCTCCTCACCCTCCTCACTCAGGGCACAGGT,GATCCTGGGCT,CACAGTG,ACCAAAACC,CAGGCTGCCCTGACTCAGTCTCCCTCTGTGTCTGGGTCTCCTGGACAGTCGGTCACCATTTCCTGCACTGGAACCAGCAGTGACATTGGTGGTTATAACCGTGTCTCCTGGTACCAACAGCACCCAGGCAAAGCCCCCAAACTCATGATTTATGAGGTCAGTAAGCGGCCCTCAGGGGTCTCTGATCGCTTCTCTGGTTCCAAGTCTGGCAACACGGCCTCCCTGACCATCTCTGGGCTCCAGGCTGAGGACGAGGCTGATTATTACTGCAGCTCATACGCAAGCAGTAGCACTTTC
1095029,1095325,IGLV2-11*01,functional,ATGGCCTGGGCTCTGCTCCTCCTCACCCTCCTCACTCAGGGCACAGGT,GGTCCTGGGCT,CACAGCG,ACCAAAACC,CAGTCTGCCCCGATTCAGTCTCCCTCTGTGTCTGGGTCTCTTGGACAGTCGGTCACCATCTCCTGCACTGGAACCAGCAGTGACATTGGGCGTTATAACTATGTCTCCTGGTACCGACAGCAGCCAGGCACGACCACCAAACTCATGATGTACAAAGTCAATATGCGGCCCTCAGGGGTCTCTGATCGCTTCTCTGGCTCCAAGTCTGGCAACACGGCCTCCCTGACCATCTCTGGACTCCAGGCTGAGGACGAGGCTGATTATTACTGTAGCTCATATGAGGCCAGCGACACTTTC
1100210,1100485,IGLV(II)-10*01,pseudo,ACGGCTTGGATCCCCTTTCCTGCTCACCCTACTCACTCTCTGCACAGGT,GTTTTGTGGCC,CACAGTG,ACACAAACC,TTCTCTGAGCTGACTCAGCTGCCTGAAGTGTCTGCAGCTTTGGGACAGACGGCCAGGATCACCTGCCATGGAGAGGACTTAGAAAGCTATTATGCACACTGATACCAACAGAAGTCAGTCCAAACCCCTAAGCTCATCGTATATAATGATAGAAAGCTGCGCTCAGAGATCGCTGAGCGATTCTCTGGTTCCTGATCAGGGGGAACAGTCACACTGACCATTACTGGGGCTCAGGTTGAAGACTATTATTGTTTTTCTGGAGATAAAAAACACATC
1114542,1114855,IGLV4-9*01,functional,ATGGCCTGGGTCTCCTTCTACCTCCTGCCCTTCATTTTCTCCACAGGT,GTCTCTGTGCT,CACAGTG,CCAAAACCT,CTGCCTGTGCTGACTCAGCCCCCGTCTGCATCTGCCTCGTTGGGAGCCTCTGTCAAGCTCACCTGCACCCTGAGCAGTGAGCACAGCAACTACTTTATTTTCTGGTATCAACAGAGACCGGGGAGGTCTCCCCGGTATATAATGAAGGTTAACAGTGATGGCACCCAGAGCAAGGGGGATGGGATCCCCGATCGCTTCTTGGGCTCCAGCTCTGGGGCTGACCGCTACCTCACCATCTCCAACCTCCAGTCTGACGACGAGGCTGAGTATTACTGTGGAGAGTGCCACACGATTGATGGCCAGTACGGTTGAGC
1123971,1124283,IGLV2-7*01,pseudo,ATAGCCTGGGCTCTGCTCCTCCTCCCCCTCCTCACTCAGGACACAGGT,GGTCCTGGGCT,CACAGTG,ACCAAAACC,CAGTCTGCCCTGACTCAGCCTCGCTCAGTATCTGGCTCCTCTGGACAGTCGGTCACCATCTCCTGCACTGGAACCAGCAGTGATGTTGGGAGTTATAACATTGTCTCCTGGTATCAACAGCACCCAGGCACAGCCCCCCAACTCATGATTTATTGCGTCAGCCCCCCAACTCATGATTTATCAGGCCTCAGGGGTCCCCGATCGTTTCTCTGGCTCCAAGTCTGGCAACACAGCCTCCATGACCATCTCTGGGTTCCAGGCTGAGGAAGAGGCTGATTATTACTGTTACTCATACGCAACCAGCATCACTTTC
1130611,1130903,IGLV3-6*01,pseudo,ATGGTCTGGACCCCTCCCCTGCTCACCCTCCTCACTCTCTGCACATGT,GCTCTGTGGTT,CACAGTG,ACAACTATC,TCCTCTCAGCTGACTCAGGAGCCTGCAGTGTCTGTGGCCTTGGGACAGCCAGCCAGAATCACCTGCCAGGGAGATGGCATAGGAACCTATTATGCAAACTGGTATGAGCAGAAGCCTCGGTACCAGAAGCCCTGTGCTGATCATCTGTGGTAACAACAACCAGCCCTCAGAATCCCAGACTGATTCTCTGGCTCCAAATCAGGGAACACGGCCACTCTGATCATCTCCGGGACTCAGACTGAAGACAAGGCTGACTGTTACTGACAATCACCAGACAGCAGTGGTACTCATCC
1223454,1223741,IGLV(II)-5*01,pseudo,ATGGACTGGACCCCTCATCTGCTCCCCCTCCTCACTCTTTACTCAGGT,GTTCCATGGCA,CACGTTG,ACAGACACA,TCCGATGAGCTGACACAGCAGTCATTGCTGTCAGTGTCCCTGAGACGGATGGCCAGGATCACCAGTTGTGGAAATACAGTGGGGAAAATTATGATCATTAGTACCAGCTAAAGCCAGGCCAGATCACTGTGCTGGCCCTACATACAGATCACTCCCAGTCCTCGGGGTCTCTTAGTGATTATCGGGGTCTAGATCAGATCAGCCAAGACAGTCACCCTGACCATGAGTGGGACCCAGCCGAGGATGAGGCTATTAATGTCAACTGAGTGGCAGCAGTAGTACTCAATC
1227509,1227803,IGLV3-4*01,pseudo,ATGACCCTGCTGCAGGTGGATGGGCTGGGGGCTGAAATCCCCCCACACTGT,GCTCCGTGGCC,CGCAGTG,ACAGAAGCC,TCCTCTGAGCTGACTCAGCCACCCGCGATGTCAGTGTCCCCGAGACGGACAGGCAGGATCACCTGCTCTAGAGATATGTTGGAGGATAAATATCCTTCCTGGTGCCAGCAGAAGCCGGGACAGGCCCCTGTGCTGGTCATCTATGAAGACGGCAGTCAACCATCAGGGATCCCTGAGTGATTCTCTGGCTCCAACTCAGGGAACACAGCCACCCTGACCATCAGCAGGGACCAGGCTGGGGACAAGGCTATTACTGTGCTACAGATCATGGCAGTGGGAGCAGCTGGCAGTGACT
1236539,1236837,IGLV3-2*01,functional,ATGGCCTGGACGCCTCTCCTCCTCAGCCTCCTCGCTCACTGCACAGGT,GCTCTGTGGCC,CACAGTA,ACAGAAACC,TCCTATGAGCTGACTCAGTCACCCTCAGTGTCAGTGTCCCCAGGACAGCCAGCCAGCATCACCTGCTCTGGAGATAAATTTGGGAATGCATATGCTTACTGGTACCAGCAGAAGCCAGGCCAGGTCCCTGTACTGGTCATCTATAAAAATAGCAACCGGCCCTCAGGGATCCCTGAGCGATTCTCTGGCTCCAACTCGGGGAACACGGCCACCCTGACCATCAGCGGGGTCGAGGCTGGGGATGAGGCCGACTATTACTGTGCTACAAGCTATGGCAGTGGGAGCAGCTGGCAGTGACT
1243077,1243357,IGLV3-1*01,pseudo,ATGGCCTGGACCCCTCTCCTCCTCGCTCACTGCACAGGT,GTTCCATGGCC,CACAGTG,ACAGAAACC,GCCTATGAGCTGACTCAGCCACCCTCAGTGTCAGTGTCCCCAGGACAGCCAGCCAGCATCACCTGCTCTGGAGATAAATTGGAGGATAAATATGCTCACTGATACCAGCAGAAGCCAGGCCAGCCCCCTGTGCTGGTCATCTATGAAGATAGCAAGTGGCCCTCAGGGATCCCTGAGCAATTCTCTGGCTCCAACTCTGGGAACACGGCCACTCCGACCATCAGCAGGACCCAGGCTCTGGATGAGGCTAATACTGTCAGGCGTGGGACAGCAGCACTGCA
