imgt_start,imgt_end,digger_start,digger_end,imgt_allele,digger_allele,imgt_func,digger_func,call_matches,func_matches,seq_matches,start_matches,digger_notes,imgt_l_part1,digger_l_part1,imgt_l_part2,digger_l_part2,imgt_heptamer,digger_heptamer,imgt_nonamer,digger_nonamer
0,1004501,,,IGLV(I)-24*01,,pseudo,,No,No,No,No,,,,,,,,,
,,10136,10425,,IGLV5-74*02,,pseudo,No,No,No,No,"Stop codon in V-REGION before 2nd cysteine, Nonamer not found",,,,,,,,
16001,16325,,,IGLV(IV)-127*01,,pseudo,,No,No,No,No,,,,,,,,,
,,16516,16829,,IGLV5-62*01,,pseudo,No,No,No,No,"Leader not found, Stop codon in leader, Stop codon in V-REGION before 2nd cysteine, BLAST alignment was truncated",,,,,,,,
,,25321,25624,,IGLV9-84*01,,pseudo,No,No,No,No,"Stop codon in V-REGION before 2nd cysteine, Nonamer not found",,,,,,,,
26328,26623,26334,26623,IGLV8-125*01,IGLV8-125*01,functional,ORF,Yes,Yes,Digger is shorter by 6 nt,No,First cysteine not found,ATGGCCTGGATGATGCTTCTCCTCGGACTCCTTGCTTATGGCTCAGGT,ATGGCCTGGATGATGCTTCTCCTCGGACTCCTTGCTTATGGCTCAGGT,GAGTGGATTCT,ATTCTGAGACT,CACGGCG,CACGGCG,ACCAAAACC,ACCAAAACC
,,37433,37750,,IGLV1-86*02,,pseudo,No,No,No,No,"Leader not found, Stop codon in leader, Stop codon in V-REGION before 2nd cysteine, BLAST alignment was truncated",,,,,,,,
77810,78108,77810,78108,IGLV1-123*01,IGLV1-64*01,pseudo,ORF,No,No,Yes,Yes,Stop codon in leader,ATGGTGTCGTCCCTTCTCCTTGCCCTCCCTATTTACTGCACAGATAACTGG,AGCATGGTGTCGTCCCTTCTCCTTGCCCTCCCTATTTACTGCACAGAT,GGTCCTGAGCT,GGTCCTGAGCT,CACAGTG,CACAGTG,ACAAAAACA,ACAAAAACA
79716,80014,79716,80014,IGLV1-122*01,IGLV1-122*01,pseudo,pseudo,Yes,Yes,Yes,Yes,Stop codon in V-REGION before 2nd cysteine,GTGGCCTGGTCCCCCTCCTCCTCACCCTCCTTGGACACTGCACAGGTGACTGG,CGTGGCCTGGTCCCCCTCCTCCTCACCCTCCTTGGACACTGCACAGGT,GGTCCTGTGCC,GGTCCTGTGCC,CACAGTG,CACAGTG,ACAAGGGTC,ACAAGGGTC
,,87005,87301,,IGLV1-60*01,,pseudo,No,No,No,No,"Stop codon in V-REGION before 2nd cysteine, BLAST alignment was truncated",,,,,,,,
92280,92597,92281,92597,IGLV5-120*01,IGLV5-99*01,pseudo,ORF,No,No,Digger is shorter by 1 nt,No,"Leader not found, Stop codon in leader",ATGGCGTGGACATCTTCTCTTTGTGCTTCTCTTCCACTGCACAGATGA,AAGTGTGTCTGTGTTTGCAGGTTCTCTCTCCCAGTCTTGTGCTGACTG,GTTCTCTCTCC,TTCTCTCTCCC,CACAGTG,CACAGTG,CAAAAAGCC,GCAAAAAGC
96130,96435,96130,96435,IGLV5-119*01,IGLV5-99*01,pseudo,pseudo,No,No,Yes,Yes,Stop codon in V-REGION before 2nd cysteine,ATGGCCTGGGCTTCTTGTTTCCTCCTGCTTCTCTCACTTCTCAGGT,AGGGCTGTGTCCACGCATGGCCTGGGCTTCTTGTTTCCTCCTGCTTCT,GTTTCTTCTCA,GTTTCTTCTCA,CACAGTG,CACAGTG,AGTGAAACC,AGTGAAACC
,,161175,161497,,IGLV10-114*01,,pseudo,No,No,No,No,"Stop codon in V-REGION before 2nd cysteine, Nonamer not found, BLAST alignment was truncated",,,,,,,,
,,161518,161827,,IGLV5-62*02,,pseudo,No,No,No,No,"Stop codon in V-REGION before 2nd cysteine, Nonamer not found",,,,,,,,
164327,164638,164327,164638,IGLV11-117*01,IGLV11-117*01,functional,Functional,Yes,Yes,Yes,Yes,,ATGGCCCTGACTCCTCTCCTCCTCCTGCTCCTCTCTCACTGCACAGGT,ATGGCCCTGACTCCTCTCCTCCTCCTGCTCCTCTCTCACTGCACAGGT,GTTCCCTCTCC,GTTCCCTCTCC,CACAGTG,CACAGTG,ACAAAAACC,ACAAAAACC
,,167242,167537,,IGLV2-13*02,,pseudo,No,No,No,No,"Stop codon in V-REGION before 2nd cysteine, Nonamer not found, BLAST alignment was truncated",,,,,,,,
172458,172751,172464,172751,IGLV(III)-116*01,IGLV7-55*01,pseudo,pseudo,No,No,Digger is shorter by 6 nt,No,"Stop codon in V-REGION before 2nd cysteine, BLAST alignment was truncated",ATGGCCTGGGCTCCTCTCCTGCTCACACCTCTGGCTCTGTGCACAGGT,ATGGCCTGGGCTCCTCTCCTGCTCACACCTCTGGCTCTGTGCACAGGT,AAGCCACTTTC,CTTTCCAGGCT,CACAGTG,CACAGTG,ACACACACC,GCACACACA
,,179936,180208,,IGLV4-97*02,,ORF,No,No,No,No,"Sequence truncated before second cysteine, BLAST alignment was truncated",,,,,,,,
187464,187759,187464,187759,IGLV10-114*01,IGLV10-114*01,functional,Functional,Yes,Yes,Yes,Yes,BLAST alignment was truncated,ATGCCCTGGGCTCTGCTCCTCCTGACCCTCCTCACTCACTCTGCAGGT,ATGCCCTGGGCTCTGCTCCTCCTGACCCTCCTCACTCACTCTGCAGGT,TGCCAGTGGTC,TGCCAGTGGTC,CACAGTG,CACAGTG,ATAAAAACT,ATAAAAACT
,,189268,189299,,IGLJ1*01,,pseudo,No,No,No,No,J-TRP not found,,,,,,,,
,,192624,192940,,IGLV5-99*01,,pseudo,No,No,No,No,"Stop codon in V-REGION before 2nd cysteine, Nonamer not found, BLAST alignment was truncated",,,,,,,,
197545,197843,197545,197843,IGLV6-112*01,IGLV6-112*01,functional,Functional,Yes,Yes,Yes,Yes,BLAST alignment was truncated,ATGGCCTGGGCTCCACTCCTCCTCACCCTCCTCGCTCACTGCACAGGT,ATGGCCTGGGCTCCACTCCTCCTCACCCTCCTCGCTCACTGCACAGGT,GGTCTTGGGCT,GGTCTTGGGCT,CACAGTA,CACAGTA,ACAAGAACT,ACAAGAACT
,,203687,204003,,IGLV5-99*01,,pseudo,No,No,No,No,"Stop codon in V-REGION before 2nd cysteine, Nonamer not found",,,,,,,,
208592,208890,208592,208890,IGLV6-110*01,IGLV6-110*01,functional,Functional,Yes,Yes,Yes,Yes,BLAST alignment was truncated,ATGGCCTGGGCTCCACTCCTCCTCACCCTCCTCGCTCACTGCACAGGT,ATGGCCTGGGCTCCACTCCTCCTCACCCTCCTCGCTCACTGCACAGGT,GGTCTTGGGCT,GGTCTTGGGCT,CACAGTA,CACAGTA,ACAAGAACT,ACAAGAACT
218908,219185,218908,219185,IGLV1-109*01,IGLV1-85*01,pseudo,pseudo,No,No,Yes,Yes,"Stop codon in V-REGION before 2nd cysteine, BLAST alignment was truncated",ATGGGCTGGTCCCCTTTCCTCCTCATACTCCTCACTCATTGTACAGGT,ATGGGCTGGTCCCCTTTCCTCCTCATACTCCTCACTCATTGTACAGGT,GGTCCTGGGCC,GGTCCTGGGCC,CACGGAA,CACGGAA,ACAAAAACA,ACAAAAACA
,,224030,224335,,IGLV10-114*01,,pseudo,No,No,No,No,"Stop codon in V-REGION before 2nd cysteine, Nonamer not found",,,,,,,,
,,224043,224305,,IGLV10-114*01,,pseudo,No,No,No,No,"Stop codon in V-REGION before 2nd cysteine, BLAST alignment was truncated",,,,,,,,
,,226685,227006,,IGLV6-110*01,,pseudo,No,No,No,No,"Stop codon in V-REGION before 2nd cysteine, BLAST alignment was truncated",,,,,,,,
233980,234293,233980,234293,IGLV5-106*01,IGLV5-99*01,pseudo,ORF,No,No,Yes,Yes,Conserved Trp not found,ATGGCCTGGGCACCTGTTCTCCTGCTGATATTCTATCGTTTCTCAGGT,ATGGCCTGGGCACCTGTTCTCCTGCTGATATTCTATCGTTTCTCAGGT,GTTCCCTCTCT,GTTCCCTCTCT,CACAGTG,CACAGTG,ATTAGAACC,ATTAGAACC
,,236732,237051,,IGLV4-97*02,,pseudo,No,No,No,No,"Stop codon in V-REGION before 2nd cysteine, Nonamer not found",,,,,,,,
245818,246126,245818,246124,IGLV5-104*01,IGLV5-95*01,pseudo,pseudo,No,No,Digger is shorter by 2 nt,Yes,Stop codon in V-REGION before 2nd cysteine,ATGGCCTGGACCCCTCCGCTCCTCATGTTCCTCTGTCATTGCTCAGGT,ATGGCCTGGACCCCTCCGCTCCTCATGTTCCTCTGTCATTGCTCAGGT,GTTCCCTCTCC,GTTCCCTCTCC,CACAGTA,CACACAG,ACAGAAACC,ACAGAAACC
249447,249758,249447,249758,IGLV5-103*01,IGLV5-103*01,functional,Functional,Yes,Yes,Yes,Yes,,ATGGCCTGGGCCCCTCTCCTGCTGCTTCTCTCTCAATTCTCAGGT,ATGGCCTGGGCCCCTCTCCTGCTGCTTCTCTCTCAATTCTCAGGTAGG,GTTCCCTCTCC,GTTCCCTCTCC,CACGCTG,CACGCTG,ACAAAACCT,ACAAAACCT
,,254176,254471,,IGLV8-125*02,,pseudo,No,No,No,No,"Leader not found, Stop codon in V-REGION before 2nd cysteine, Nonamer not found",,,,,,,,
256777,257073,256777,257073,IGLV1-101*01,IGLV1-64*02,pseudo,pseudo,No,No,Yes,Yes,Stop codon in V-REGION before 2nd cysteine,ACGGCCTGGTCCCTTCTCCTGCTCCCTGCTTCATTCACTGCACAGAT,AACGGCCTGGTCCCTTCTCCTGCTCCCTGCTTCATTCACTGCACAGAT,GGCCTTGGGCC,GGCCTTGGGCC,CACAGTG,CACAGTG,ACCAAAACA,CCAAAACAC
262286,262584,262286,262584,IGLV1-100*01,IGLV1-100*01,pseudo,ORF,Yes,Yes,Yes,Yes,"Stop codon in leader, Conserved Trp not found, BLAST alignment was truncated",ATGGCCTGGTGTCCTCTGCTCCTCACCCTCCTTGCACACTGCACAGGC,ATGGCCTGGTGTCCTCTGCTCCTCACCCTCCTTGCACACTGCACAGGC,GATCCTGAGCT,GATCCTGAGCT,TACAGTG,TACAGTG,AGAAAAACC,AGAAAAACC
,,263386,263674,,IGLV5-57*01,,pseudo,No,No,No,No,"Leader not found, Stop codon in leader, Stop codon in V-REGION before 2nd cysteine, Nonamer not found",,,,,,,,
,,264334,264633,,IGLV2-38*01,,ORF,No,No,No,No,"First cysteine not found, BLAST alignment was truncated",,,,,,,,
268773,269089,268773,269089,IGLV5-99*01,IGLV5-99*01,ORF,Functional,Yes,Yes,Yes,Yes,,ATGGTCTGGACATCTCTTCTCCTTGTGCTTCTCTCCCACTGCACAGAT,ATGGTCTGGACATCTCTTCTCCTTGTGCTTCTCTCCCACTGCACAGAT,GTTCTCTCTCC,GTTCTCTCTCC,CACAGTG,CACAGTG,AAAAAAACC,AAAAAAACC
,,271901,272199,,IGLV7-59*01,,pseudo,No,No,No,No,"Stop codon in V-REGION before 2nd cysteine, BLAST alignment was truncated",,,,,,,,
273675,273966,273668,273966,IGLV7-98*01,IGLV7-76*01,pseudo,pseudo,No,No,Digger is longer by 7 nt,No,"Stop codon in V-REGION before 2nd cysteine, BLAST alignment was truncated",ATGGCCTGGATGCTTCTCCTCCACCTCCGCTTTCTCCTCACTCTCTGCCCGGGT,ATGGCCTGGATGCTTCTCCTCCACCTCCGCTTTCTCCTCACTCTCTGC,TTCT,GTTTCTTGGTT,CACAGTG,CACAGTG,ACATGAACG,ACATGAACG
276663,276961,276663,276961,IGLV4-97*01,IGLV4-97*01,functional,Functional,Yes,Yes,Yes,Yes,,ATGGCCTGGACCCCACTCCTCCTCCTCCTCCTCACTCTCCTCCTTCACTGCACAGGT,ATGGCCTGGACCCCACTCCTCCTCCTCCTCCTCACTCTCCTCCTTCAC,GGTCTCTCTCC,GGTCTCTCTCC,CACAGTG,CACAGTG,ACAAAATCC,ACAAAATCC
,,283217,283495,,IGLV1-85*01,,pseudo,No,No,No,No,"Stop codon in V-REGION before 2nd cysteine, BLAST alignment was truncated",,,,,,,,
,,289017,289330,,IGLV6-110*01,,pseudo,No,No,No,No,"Stop codon in V-REGION before 2nd cysteine, BLAST alignment was truncated",,,,,,,,
289044,289330,,,IGLV6-96*01,,pseudo,,No,No,No,No,,,,,,,,,
297549,297865,297549,297865,IGLV5-95*01,IGLV5-95*01,functional,Functional,Yes,Yes,Yes,Yes,,ATGGCCTGGACTCTTCTCCTTCTCATGCTCCTCTCTCACTGCACAGGT,ATGGCCTGGACTCTTCTCCTTCTCATGCTCCTCTCTCACTGCACAGGT,GTTCCCTCTCC,GTTCCCTCTCC,CACAGTG,CACAGTG,ACAAAAACC,ACAAAAACC
300001,300305,299986,300305,IGLV6-94*01,IGLV6-112*01,pseudo,pseudo,No,No,Digger is longer by 15 nt,No,"Stop codon in V-REGION before 2nd cysteine, BLAST alignment was truncated",GTGGCCTGGGCTCCATGCATCCTCACTTTCCTCACTCATTGCACAGGT,GTGGCCTGGGCTCCATGCATCCTCACTTTCCTCACTCATTGCACAGGT,AGTCTTAGTAG,GTTCCCTTCTT,CACAGTT,CACAGTT,ACAGAAACT,ACAGAAACT
,,300343,300644,,IGLV2-32*01,,pseudo,No,No,No,No,"Leader not found, Stop codon in leader, Stop codon in V-REGION before 2nd cysteine, BLAST alignment was truncated",,,,,,,,
,,362273,362306,,IGLJ4*01,,Functional,No,No,No,No,,,,,,,,,
431931,432245,431931,432247,IGLV5-93*01,IGLV5-93*01,pseudo,pseudo,Yes,Yes,Digger is longer by 2 nt,Yes,Stop codon in V-REGION before 2nd cysteine,ATGGTCCTGACTCCTCTCCTCCTCTTGCTCCTCTCTCACTGCATGAGT,ATGGTCCTGACTCCTCTCCTCCTCTTGCTCCTCTCTCACTGCATGAGT,GCTCCCTCTCC,GCTCCCTCTCC,CACAGAG,CAGAGTG,ACAAAAACC,ACAAAAACC
441681,441979,441681,441979,IGLV6-92*01,IGLV6-92*01,functional,Functional,Yes,Yes,Yes,Yes,BLAST alignment was truncated,ATGGCCTGGGCTCCACTCCTCCTCACCCTCCTCGCTCACTGCACAGGT,ATGGCCTGGGCTCCACTCCTCCTCACCCTCCTCGCTCACTGCACAGGT,GGTCTTGGGCT,GGTCTTGGGCT,CACAGTG,CACAGTG,ACAAAATCT,ACAAAATCT
444047,444338,444047,444338,IGLV(I)-91*01,IGLV1-65*01,pseudo,pseudo,No,No,Yes,Yes,Stop codon in V-REGION before 2nd cysteine,ATGGCTTGGACCCCTCTCCTCCTCTCCCTTCTCACTCCCTACAGAGGT,ATGGCTTGGACCCCTCTCCTCCTCTCCCTTCTCACTCCCTACAGAGGT,GGTCCTGGGCA,GGTCCTGGGCA,CACAGTG,CACAGTG,ACACAAACC,ACACAAACC
446318,446631,446311,446631,IGLV5-90*01,IGLV5-74*02,pseudo,pseudo,No,No,Digger is longer by 7 nt,No,Stop codon in V-REGION before 2nd cysteine,ATGGCCTGGGCTCCTCTTCTCCTTGTGCTCCTCTCTCACTGCAGAGAC,ATGGCCTGGGCTCCTCTTCTCCTTGTGCTCCTCTCTCACTGCAGAGAC,CTCTCAGACTG,GTTCTGTCTCT,CACAGGA,CACAGGA,ACAAATACA,ACAATCTCT
,,448742,449039,,IGLV2-11*01,,ORF,No,No,No,No,"First cysteine not found, Nonamer not found, BLAST alignment was truncated",,,,,,,,
,,450818,450854,,IGLJ4*01,,pseudo,No,No,No,No,J-TRP not found,,,,,,,,
,,454659,454935,,IGLV1S2*01,,pseudo,No,No,No,No,"Stop codon in V-REGION before 2nd cysteine, Nonamer not found, BLAST alignment was truncated",,,,,,,,
,,470001,470312,,IGLV2-32*01,,pseudo,No,No,No,No,"Stop codon in V-REGION before 2nd cysteine, Nonamer not found",,,,,,,,
480388,480681,480388,480681,IGLV7-88*01,IGLV7-88*01,functional,Functional,Yes,Yes,Yes,Yes,,ATGGCCTGGACTCTGCTCCTCCTCCAGTTCCTCCTCACTTGCTGCCCAGGT,ATGGCCTGGACTCTGCTCCTCCTCCAGTTCCTCCTCACTTGCTGCCCA,GGTCCAATTCT,GGTCCAATTCT,CACAGTG,CACAGTG,ACATAAACC,ACATAAACC
484902,485213,484902,485213,IGLV5-87*01,IGLV5-87*01,functional,Functional,Yes,Yes,Yes,Yes,,ATGGCCTGGACTCCTCTCTTCCTCCTGCTCTTCTCTCACTGCACAGGT,ATGGCCTGGACTCCTCTCTTCCTCCTGCTCTTCTCTCACTGCACAGGT,GTTCCCTCTCC,GTTCCCTCTCC,CACAGTG,CACAGTG,ACAAAATCT,ACAAAATCT
,,486084,486367,,IGLV1-66*01,,pseudo,No,No,No,No,"Stop codon in V-REGION before 2nd cysteine, Nonamer not found, BLAST alignment was truncated",,,,,,,,
489715,490010,489715,490010,IGLV1-86*01,IGLV1-86*01,functional,Functional,Yes,Yes,Yes,Yes,,ATGACCTGGTCCCCTCTCCTCCTCACCCTTCTCATTCACTGCACAGGT,ATGACCTGGTCCCCTCTCCTCCTCACCCTTCTCATTCACTGCACAGGT,GGTCCTGGGCC,GGTCCTGGGCC,CATGGTG,CATGGTG,ACAAGAACC,ACAAGAACC
495054,495349,495054,495349,IGLV1-85*01,IGLV1-85*01,functional,Functional,Yes,Yes,Yes,Yes,,ATGGCCTGGTCTCCTCTCCTCCTCACCCTTCTCATTCACTGCACAGGT,ATGGCCTGGTCTCCTCTCCTCCTCACCCTTCTCATTCACTGCACAGGT,GGTCCTGGGCC,GGTCCTGGGCC,CACAGTG,CACAGTG,ACAAGAACC,ACAAGAACC
511323,511639,511317,511639,IGLV9-84*01,IGLV9-84*01,functional,Functional,Yes,Yes,Digger is longer by 6 nt,No,,ATGGCCTGGGCTCCTCTGCTCCTCACCCTCCTCAGTCTCCTCACAGGT,ATGGCCTGGGCTCCTCTGCTCCTCACCCTCCTCAGTCTCCTCACAGGT,GGTCCCTCTCC,TTGCAGGGTCC,CACAGTG,CACAGTG,ACAAAAACC,ACAAAAACC
518070,518381,518070,518381,IGLV5-83*01,IGLV5-83*01,functional,Functional,Yes,Yes,Yes,Yes,,ATGGCCTGGACTCCTCTCCTCCTCCTGCTCCTCTCTCACTGCACAGGT,ATGGCCTGGACTCCTCTCCTCCTCCTGCTCCTCTCTCACTGCACAGGT,GTTCCCTCTCG,GTTCCCTCTCG,CACAGTG,CACAGTG,ACAAAAACC,ACAAAAACC
,,519228,519521,,IGLV7-80*01,,pseudo,No,No,No,No,"Stop codon in V-REGION before 2nd cysteine, Nonamer not found, BLAST alignment was truncated",,,,,,,,
519465,519780,,,IGLV(I)-82*01,,pseudo,,No,No,No,No,,,,,,,,,
522710,523005,522710,523005,IGLV1-81*01,IGLV1-81*01,functional,Functional,Yes,Yes,Yes,Yes,BLAST alignment was truncated,ATGGCCTGGTTCCCTCTCGTCCTCACCCTCCTCACTCACTGTGCAGGT,ATGGCCTGGTTCCCTCTCGTCCTCACCCTCCTCACTCACTGTGCAGGT,GGTCCTGGGCC,GGTCCTGGGCC,CACAGTG,CACAGTG,ACAAGAACC,ACAAGAACC
531715,532008,531715,532008,IGLV7-80*01,IGLV7-80*01,functional,Functional,Yes,Yes,Yes,Yes,BLAST alignment was truncated,ATGGCCTGGACTCTGCTCCTCCTCCAGTTCCTCCTCACTTGC,ATGGCCTGGACTCTGCTCCTCCTCCAGTTCCTCCTCACTTGCTGCCCA,GGTCCAATTCT,GGTCCAATTCT,CACAGTG,CACAGTG,ACATAAACC,ACATAAACC
,,534614,534915,,IGLV2-46*01,,pseudo,No,No,No,No,"Stop codon in V-REGION before 2nd cysteine, Nonamer not found",,,,,,,,
536337,536647,536337,536647,IGLV5-79*01,IGLV5-62*01,pseudo,ORF,No,No,Yes,Yes,First cysteine not found,ATGGCCTGGACTCCTCTCCTCCTCCTGCTCCTCTCTCACTGCACAGGT,ATGGCCTGGACTCCTCTCCTCCTCCTGCTCCTCTCTCACTGCACAGGT,GTTCCCTCTCC,GTTCCCTCTCC,CACAGTG,CACAGTG,ACAAAATCT,ACAAAATCT
,,537525,537808,,IGLV2-46*01,,pseudo,No,No,No,No,"Stop codon in V-REGION before 2nd cysteine, Nonamer not found, BLAST alignment was truncated",,,,,,,,
537752,538066,,,IGLV(I)-78*01,,pseudo,,No,No,No,No,,,,,,,,,
541242,541537,541242,541537,IGLV1-77*01,IGLV1-77*01,functional,Functional,Yes,Yes,Yes,Yes,BLAST alignment was truncated,ATGGCATGGTTCCCTCTCGTCCTCACCCTCCTCACTCACTGTGCAGGT,ATGGCATGGTTCCCTCTCGTCCTCACCCTCCTCACTCACTGTGCAGGT,GGTCCTGGGCC,GGTCCTGGGCC,CACAGTG,CACAGTG,ACAAGAACC,ACAAGAACC
550314,550607,550314,550607,IGLV7-76*01,IGLV7-76*01,functional,Functional,Yes,Yes,Yes,Yes,,ATGGCCTGGACTCTGCTCCTCCTCCAGTTCCTCCTCACTTGCTGCCCAGGT,ATGGCCTGGACTCTGCTCCTCCTCCAGTTCCTCCTCACTTGCTGCCCA,GGTCCAATTCT,GGTCCAATTCT,CACAGTG,CACAGTG,ACATAAACC,ACATAAACC
,,552386,552674,,IGLV2-46*01,,pseudo,No,No,No,No,Stop codon in V-REGION before 2nd cysteine,,,,,,,,
557893,558204,557893,558204,IGLV5-74*01,IGLV5-74*01,functional,Functional,Yes,Yes,Yes,Yes,,ATGGCCTGGACTCCTCTCCTCTTCCTGCTCTTCTCTCACTGCACAGGT,ATGGCCTGGACTCCTCTCCTCTTCCTGCTCTTCTCTCACTGCACAGGT,GTTCCCTCTCA,GTTCCCTCTCA,CACAGTG,CACAGTG,ACAAAAACC,ACAAAAACC
,,559073,559356,,IGLV2-32*02,,pseudo,No,No,No,No,"Leader not found, Stop codon in leader, Stop codon in V-REGION before 2nd cysteine, Nonamer not found",,,,,,,,
562725,563020,562725,563020,IGLV1-72*01,IGLV1-72*01,functional,Functional,Yes,Yes,Yes,Yes,BLAST alignment was truncated,ATGGCCTGCTTCCCTCTCATCCTCACCGTCCTCACTCACTGT,ATGGCCTGCTTCCCTCTCATCCTCACCGTCCTCACTCACTGTGCAGGT,GATCCTGGGCC,GATCCTGGGCC,CACAGTG,CACAGTG,ACAAGAACC,ACAAGAACC
575839,576132,575839,576132,IGLV7-71*01,IGLV7-71*01,functional,Functional,Yes,Yes,Yes,Yes,,ATGGCCTGGACTCTGCTCCTCCTCCAGTTCCTCCTCACTTGCTGCCCAGGT,ATGGCCTGGACTCTGCTCCTCCTCCAGTTCCTCCTCACTTGCTGCCCA,GGTCCAATTCT,GGTCCAATTCT,CACAATG,CACAATG,ACATAAACC,ACATAAACC
,,578064,578352,,IGLV2-11*03,,pseudo,No,No,No,No,Stop codon in V-REGION before 2nd cysteine,,,,,,,,
583145,583456,583145,583456,IGLV5-69*01,IGLV5-69*01,functional,Functional,Yes,Yes,Yes,Yes,,ATGGCCTGGACTCCTCTCCTCCTCCTGCTCCTCTCTCACTGCACAGGT,ATGGCCTGGACTCCTCTCCTCCTCCTGCTCCTCTCTCACTGCACAGGT,GTTCCCTCTCC,GTTCCCTCTCC,CACAGTG,CACAGTG,ACAAAAACC,ACAAAAACC
,,584352,584632,,IGLV2-13*01,,pseudo,No,No,No,No,"Leader not found, Stop codon in V-REGION before 2nd cysteine, Nonamer not found",,,,,,,,
588263,588546,588244,588546,IGLV(I)-68*01,IGLV2-19*03,pseudo,pseudo,No,No,Digger is longer by 19 nt,No,"Stop codon in leader, Stop codon in V-REGION before 2nd cysteine",ATGGCCTGAGCTCCTCCCTTTCTCCCCCTTCTCATCCACTGCACAGGT,ATGGCCTGAGCTCCTCCCTTTCTCCCCCTTCTCATCCACTGCACAGGT,GTTCTGGTC,TGTATTAGTCC,TGCAGTG,TGCAGTG,AGGAAAACC,AGGAAAACC
593859,594154,593859,594154,IGLV1-67*01,IGLV1-67*01,functional,Functional,Yes,Yes,Yes,Yes,BLAST alignment was truncated,ATGACCTGGTCCCCTCTCCTCCTCACCCTTCTCATTCACTGCACAGGT,ATGACCTGGTCCCCTCTCCTCCTCACCCTTCTCATTCACTGCACAGGT,GGTCCTGGGCC,GGTCCTGGGCC,CACGGTG,CACGGTG,ACAAGAACC,ACAAGAACC
598032,598327,598032,598327,IGLV1-66*01,IGLV1-66*01,functional,Functional,Yes,Yes,Yes,Yes,,ATGGCCTGGTCTCTCCTTCTCACTCTGCTGGTTCACTGCACAGGT,AGCATGGCCTGGTCTCTCCTTCTCACTCTGCTGGTTCACTGCACAGGT,GGTCCTGGGCC,GGTCCTGGGCC,CACAGTG,CACAGTG,ACAAGAACC,ACAAGAACC
603040,603335,603040,603335,IGLV1-65*01,IGLV1-65*01,functional,Functional,Yes,Yes,Yes,Yes,,ATGACCTGGTCTCCTCTCCTCCTCACTCTCCTCGCTCACTGCACAGGT,ATGACCTGGTCTCCTCTCCTCCTCACTCTCCTCGCTCACTGCACAGGT,GGTCCTGGGCC,GGTCCTGGGCC,CACGGTG,CACGGTG,ACAAGAACC,ACAAGAACC
608864,609159,608864,609159,IGLV1-64*01,IGLV1-64*01,functional,Functional,Yes,Yes,Yes,Yes,,ATGGCCTCGTCTCCTCTCCTCCTCACCCTTCTCATTCACTGCACAGGT,ATGGCCTCGTCTCCTCTCCTCCTCACCCTTCTCATTCACTGCACAGGT,GGTCCTGGGCC,GGTCCTGGGCC,CACAGTG,CACAGTG,ACAAGAACC,ACAAGAACC
,,629883,630186,,IGLV2-46*01,,pseudo,No,No,No,No,"Stop codon in V-REGION before 2nd cysteine, BLAST alignment was truncated",,,,,,,,
631643,631954,631643,631954,IGLV5-62*01,IGLV5-62*01,functional,Functional,Yes,Yes,Yes,Yes,,ATGGCCTGGACTCCTCTCCTCCTCCTGCTCCTCTCTCACTGCACAGGT,ATGGCCTGGACTCCTCTCCTCCTCCTGCTCCTCTCTCACTGCACAGGT,GTTCCCTCTCC,GTTCCCTCTCC,CACAGTG,CACAGTG,ACAAAATCT,ACAAAATCT
,,632850,633160,,IGLV1-65*01,,pseudo,No,No,No,No,"Leader not found, Stop codon in V-REGION before 2nd cysteine, Nonamer not found",,,,,,,,
633063,633376,,,IGLV(I)-61*01,,pseudo,,No,No,No,No,,,,,,,,,
636192,636487,636192,636487,IGLV1-60*01,IGLV1-60*01,functional,Functional,Yes,Yes,Yes,Yes,BLAST alignment was truncated,ATGGCCTGGTTCCCTCTCGTCCTCACCCTCCTCACTCACTGTGCAGGT,ATGGCCTGGTTCCCTCTCGTCCTCACCCTCCTCACTCACTGTGCAGGT,GGTCCTGGGCC,GGTCCTGGGCC,CACAGTG,CACAGTG,ACAAGAACC,ACAAGAACC
654221,654514,654214,654514,IGLV7-59*01,IGLV7-59*01,pseudo,pseudo,Yes,Yes,Digger is longer by 7 nt,No,"Stop codon in V-REGION before 2nd cysteine, BLAST alignment was truncated",ATGGCCTGGACTCCTCTCCTTCTCCTTCTCCCCCTGTACCTCCTCACTTGCTGT,ATGGCCTGGACTCCTCTCCTTCTCCTTCTCCCCCTGTACCTCCTCACT,GGTCGAATTCT,GTTTCCGGGTC,CATAGTG,CATAGTG,ACATAAACC,ACATAAACC
,,669761,670068,,IGLV2-19*02,,pseudo,No,No,No,No,"Stop codon in V-REGION before 2nd cysteine, Nonamer not found",,,,,,,,
674097,674405,674097,674405,IGLV5-57*01,IGLV5-57*01,pseudo,Functional,Yes,Yes,Yes,Yes,,TTGGCCTGGACTCCTCTCCTCCTCTTGCTCCTCTCTCACTGCACAGGT,TTGGCCTGGACTCCTCTCCTCCTCTTGCTCCTCTCTCACTGCACAGGT,GTTCCCTCTCC,GTTCCCTCTCC,CACAGTG,CACAGTG,ACAAAAACA,ACAAAAACA
,,675923,676250,,IGLV8-125*01,,pseudo,No,No,No,No,"Stop codon in V-REGION before 2nd cysteine, Nonamer not found, BLAST alignment was truncated",,,,,,,,
687313,687603,687313,687630,IGLV7-56*01,IGLV7-56*01,pseudo,pseudo,Yes,Yes,Digger is longer by 27 nt,Yes,Stop codon in V-REGION before 2nd cysteine,,GTGGCCTGGAGTCCTCTCTTTGAAATCTCTGTTTCAAATATCACCTGG,GGTCTAGCTCT,GGTCTAGCTCT,CATAGTG,TACAGAA,AGAAATATG,ACAAGCAAA
701509,701802,701515,701802,IGLV7-55*01,IGLV7-55*01,pseudo,ORF,Yes,Yes,Digger is shorter by 6 nt,No,"First cysteine not found, BLAST alignment was truncated",,ATTGCTTGGACTTGGCTCCTTCTCACACTCCTCACTCGCTGCATGGGT,GACTCACTTCT,CTTCTCAGGCT,CACAGTG,CACAGTG,ACACAAACT,ACACAAACT
,,708344,708643,,IGLV7-55*01,,pseudo,No,No,No,No,"Stop codon in V-REGION before 2nd cysteine, Nonamer not found",,,,,,,,
,,809293,809563,,IGLV2-26*01,,pseudo,No,No,No,No,"Stop codon in V-REGION before 2nd cysteine, BLAST alignment was truncated",,,,,,,,
,,818717,818984,,IGLV2S7*01,,pseudo,No,No,No,No,"Stop codon in leader, Stop codon in V-REGION before 2nd cysteine",,,,,,,,
,,832037,832334,,IGLV2-32*01,,pseudo,No,No,No,No,"Stop codon in V-REGION before 2nd cysteine, Nonamer not found, BLAST alignment was truncated",,,,,,,,
832058,832334,,,IGLV2-51*01,,pseudo,,No,No,No,No,,,,,,,,,
,,835871,836173,,IGLV3-2*01,,pseudo,No,No,No,No,"Stop codon in leader, Stop codon in V-REGION before 2nd cysteine, BLAST alignment was truncated",,,,,,,,
,,841603,841893,,IGLV2-32*02,,pseudo,No,No,No,No,"Stop codon in V-REGION before 2nd cysteine, Nonamer not found",,,,,,,,
,,842349,842642,,IGLV3-27*01,,pseudo,No,No,No,No,"Stop codon in V-REGION before 2nd cysteine, Nonamer not found, BLAST alignment was truncated",,,,,,,,
845377,845660,845377,845660,IGLV3-48*01,IGLV3-48*01,functional,Functional,Yes,Yes,Yes,Yes,,ATGGCCTGGATCCCTCTCCTGCTCCCCCTCCTCGCCCTCTGCACAGGT,ATGGCCTGGATCCCTCTCCTGCTCCCCCTCCTCGCCCTCTGCACAGGT,GCTCTGTGGCC,GCTCTGTGGCC,CACAGTG,CACAGTG,ACACAAACC,ACACAAACC
850544,850832,850544,850832,IGLV3-47*01,IGLV3-27*01,pseudo,pseudo,No,No,Yes,Yes,"Stop codon in V-REGION before 2nd cysteine, BLAST alignment was truncated",ATGGCCTGGACCACTCCCCTGCTCACCCTCCCCATTGTCTGT,ATGGCCTGGACCACTCCCCTGCTCACCCTCCCCATTGTCTGTGCTGCC,GCTCTGTGGCC,GCTCTGTGGCC,CACAGTG,CACAGTG,ATCTAAAGA,ATCTAAAGA
854942,855238,854942,855238,IGLV2-46*01,IGLV2-46*01,functional,Functional,Yes,Yes,Yes,Yes,,ATGGCTTGGACTCTGCTCCTCGTCACCCTCCTCACTCAAGGCACAGGT,ATGGCTTGGACTCTGCTCCTCGTCACCCTCCTCACTCAAGGCACAGGT,GATCCTGGGCT,GATCCTGGGCT,CACAGTG,CACAGTG,ACCAAAACC,ACCAAAACC
858172,858451,858172,858451,IGLV3-45*01,IGLV3-30*01,pseudo,pseudo,No,No,Yes,Yes,"Stop codon in V-REGION before 2nd cysteine, BLAST alignment was truncated",ACAGCCTGGACCCTTCTCCAGCTCCCCCTCCTCAGCTTCTGCACAGGT,ACAGCCTGGACCCTTCTCCAGCTCCCCCTCCTCAGCTTCTGCACAGGT,GCTCTGTGGCC,GCTCTGTGGCC,CACAGTG,CACAGTG,ACACAAACC,ACACAAACC
867394,867683,867394,867683,IGLV3-44*01,IGLV3-44*01,functional,Functional,Yes,Yes,Yes,Yes,,ATGGCCTGGACTTTTCTCCTCCTCGGCCTCCTTGCTTACTGCACAGGT,CTGGCCCTGACTCTGAGCTCAGTGGGGCCCTGCCAGTGGTGGGCAGGA,GCTCTGCGGCC,GCTCTGCGGCC,CACAGTG,CACAGTG,ACCAAAACA,ACCAAAACA
874841,875130,874841,875130,IGLV3-43*01,IGLV3-43*01,functional,Functional,Yes,Yes,Yes,Yes,,ATGGCCTGGACCCCTCCCCTGCTCATCCTCCTCACTCTCTGCACAGGT,ATGGCCTGGACCCCTCCCCTGCTCATCCTCCTCACTCTCTGCACAGGT,GTTCCGTGGTT,GTTCCGTGGTT,CACAGTG,CACAGTG,ACAGAAACC,ACAGAAACC
881315,881614,881315,881614,IGLV2-42*01,IGLV2-38*01,pseudo,pseudo,No,No,Yes,Yes,Stop codon in V-REGION before 2nd cysteine,ATGGCTTGGCCTCTGGTCCTCCTCACCCTCCTCACTCAGGGCACAGGT,ATGGCTTGGCCTCTGGTCCTCCTCACCCTCCTCACTCAGGGCACAGGT,GATCCTGGGCT,GATCCTGGGCT,CACAGTG,CACAGTG,ACCAAAACC,ACCAAAACC
884512,884794,884512,884794,IGLV3-41*01,IGLV3-30*01,pseudo,pseudo,No,No,Yes,Yes,"Stop codon in V-REGION before 2nd cysteine, BLAST alignment was truncated",ATGGCCTGGACCCCTCTTCGGCTCTCCCTCCTCACCCTCTGCAAAGGT,ATGGCCTGGACCCCTCTTCGGCTCTCCCTCCTCACCCTCTGCAAAGGT,GCTCTGTGGCC,GCTCTGTGGCC,CACAGTG,CACAGTG,ACACAAATC,ACACAAATC
893610,893899,893610,893899,IGLV3-40*01,IGLV3-40*01,functional,Functional,Yes,Yes,Yes,Yes,,ATGCTCATGACCCTGCTGCAGGGTGGGGGCTGTTGGGGC,GTGGCCTTGACTCTGAGCTCAGCGGGGCCCTGCCTGTGGTGGGCAGGA,GCTCTGCGGTC,GCTCTGCGGTC,CACAGTG,CACAGTG,ACCAAAACA,ACCAAAACA
898088,898377,898088,898377,IGLV3-39*01,IGLV3-39*01,functional,Functional,Yes,Yes,Yes,Yes,,ATGGCCTGGACCCCTCCCCTGCTCATCCTCCTCACTCTCTGCACAGGT,ATGGCCTGGACCCCTCCCCTGCTCATCCTCCTCACTCTCTGCACAGGT,GTTCCGTGGTT,GTTCCGTGGTT,CACAGTG,CACAGTG,ACAGAAACC,ACAGAAACC
904569,904865,904569,904865,IGLV2-38*01,IGLV2-38*01,functional,Functional,Yes,Yes,Yes,Yes,,ATGGCTTGGGCTCTGGTCCTCCTCACCCTCCTCACTCAGGGCACAGGT,ATGGCTTGGGCTCTGGTCCTCCTCACCCTCCTCACTCAGGGCACAGGT,GATCCTGGGCT,GATCCTGGGCT,CACAGTG,CACAGTG,ACCAAAACC,ACCAAAACC
907768,908050,907768,908050,IGLV3-37*01,IGLV3-30*01,pseudo,pseudo,No,No,Yes,Yes,"Stop codon in V-REGION before 2nd cysteine, BLAST alignment was truncated",ATGGCCTGGACCCCTCTTCGGCTCTCCCTCCTCACCCTCTGCAAAGGT,ATGGCCTGGACCCCTCTTCGGCTCTCCCTCCTCACCCTCTGCAAAGGT,GCTCTGTGGCC,GCTCTGTGGCC,CACAGTG,CACAGTG,ACACAAATC,ACACAAATC
916880,917169,916880,917169,IGLV3-36*01,IGLV3-36*01,functional,Functional,Yes,Yes,Yes,Yes,,ATGGCCGGGACCCTTCTCCTCCTCGGCCTCCTCGCTCACTGCACAGGT,GTGGCCCTGACTCTGAGCTCAGCGGGGCCCTGCCTGTGGTGGGCAGGA,GCTCTGCGGTC,GCTCTGCGGTC,CACAGTG,CACAGTG,ACCAAAACA,ACCAAAACA
921357,921646,921357,921646,IGLV3-35*01,IGLV3-35*01,pseudo,pseudo,Yes,Yes,Yes,Yes,Stop codon in V-REGION before 2nd cysteine,ATGGCCTGGACCCCTCCCCTGCTCATCCTCCTCACTCTCTGCACAGGT,ATGGCCTGGACCCCTCCCCTGCTCATCCTCCTCACTCTCTGCACAGGT,GTTCCGTGGTT,GTTCCGTGGTT,CACAGTG,CACAGTG,ACAGAAACC,ACAGAAACC
937784,938073,937784,938073,IGLV3-34*01,IGLV3-34*01,functional,Functional,Yes,Yes,Yes,Yes,,ATGGCCGGGACCCTTCTCCTCCTCGGCCTCCTTGCTCACTTTACAGGT,TTCTCCTCCTCGGCCTCCTTGCTCACTTTACAGGTGCTGCCCCCAGGG,GCTCTGCGGCC,GCTCTGCGGCC,CACAGTG,CACAGTG,ACCAAAACA,ACCAAAACA
942263,942552,942263,942552,IGLV3-33*01,IGLV3-33*01,functional,Functional,Yes,Yes,Yes,Yes,,ATGGCCTGGACCCCTCCCCTGCTCATCCTCCTCACTCTCTGCACAGGT,ATGGCCTGGACCCCTCCCCTGCTCATCCTCCTCACTCTCTGCACAGGT,GTTCCGTGGTT,GTTCCGTGGTT,CACAGTG,CACAGTG,ACAGAAACC,ACAGAAACC
948722,949018,948722,949018,IGLV2-32*01,IGLV2-32*01,functional,Functional,Yes,Yes,Yes,Yes,,ATGGCCTGGGCTCTGCTCCTCCTCACCCTCCTCACTCAGGGCACAGGT,ATGGCCTGGGCTCTGCTCCTCCTCACCCTCCTCACTCAGGGCACAGGT,GATCCTGGGCT,GATCCTGGGCT,CACAGTG,CACAGTG,ACCAAAACC,ACCAAAACC
,,951369,951638,,IGLV2-23*02,,pseudo,No,No,No,No,"Stop codon in V-REGION before 2nd cysteine, Nonamer not found",,,,,,,,
,,952111,952400,,IGLV3-27*01,,pseudo,No,No,No,No,"Stop codon in leader, Stop codon in V-REGION before 2nd cysteine, Nonamer not found, BLAST alignment was truncated",,,,,,,,
,,955285,955579,,IGLV3-27*01,,pseudo,No,No,No,No,"Stop codon in V-REGION before 2nd cysteine, BLAST alignment was truncated",,,,,,,,
958321,958604,958321,958604,IGLV3-30*01,IGLV3-30*01,functional,Functional,Yes,Yes,Yes,Yes,,ATGGCCTGGACCACACTCCTGCTCCCGCTCCTCACCCTCTACACAGGT,ATGGCCTGGACCACACTCCTGCTCCCGCTCCTCACCCTCTACACAGGT,GCTCTGTTGCC,GCTCTGTTGCC,CACAGTG,CACAGTG,ACACAAACC,ACACAAACC
966617,966906,966617,966906,IGLV3-29*01,IGLV3-29*01,functional,Functional,Yes,Yes,Yes,Yes,,ATGGCCTGGACCCTTCTCCTCCTCGGCCTCCTCGCTCACTGCACAGGT,ATGGCCTGGACCCTTCTCCTCCTCGGCCTCCTCGCTCACTGCACAGGT,GCTCTGCGGCC,GCTCTGCGGCC,CACAGTG,CACAGTG,ACCAAAACA,ACCAAAACA
,,968873,969150,,IGLV2-38*01,,pseudo,No,No,No,No,Stop codon in V-REGION before 2nd cysteine,,,,,,,,
974258,974547,974258,974547,IGLV3-27*01,IGLV3-27*01,functional,Functional,Yes,Yes,Yes,Yes,,ATGGCCTGGACTCCTCTCTGGCTCACCCTCCTCAGTCTTTGCACAGGT,ATGGCCTGGACTCCTCTCTGGCTCACCCTCCTCAGTCTTTGCACAGGT,GTTCTGTGGTT,GTTCTGTGGTT,CACAGTG,CACAGTG,ACAGAAACC,ACAGAAACC
992786,993082,992786,993082,IGLV2-26*01,IGLV2-26*01,functional,Functional,Yes,Yes,Yes,Yes,,ATGGCCTGGGCTCTGCTCCTCCTCACCCTCCTCACTCAAGGCACAGGC,ATGGCCTGGGCTCTGCTCCTCCTCACCCTCCTCACTCAAGGCACAGGC,GATCCTGGGCT,GATCCTGGGCT,CACAGTG,CACAGTG,ACCAAAACC,ACCAAAACC
,,997571,997876,,IGLV3-2*01,,pseudo,No,No,No,No,"Stop codon in V-REGION before 2nd cysteine, BLAST alignment was truncated",,,,,,,,
1001158,1001447,1001158,1001447,IGLV3-25*01,IGLV3-25*01,functional,Functional,Yes,Yes,Yes,Yes,,ATGGCCTGGACCCTTCTCCTCCTCGGCCTCCTCGCTTACTGCACAGGT,ATAAGACGGATCTTTCACCTGCAAGCCAATCCCTCTCTCTCTCTCTCT,GCTCTGCGACC,GCTCTGCGACC,CACAGTG,CACAGTG,ACAAAAACA,ACAAAAACA
,,1004217,1004501,,IGLV2-38*01,,pseudo,No,No,No,No,Stop codon in V-REGION before 2nd cysteine,,,,,,,,
1013268,1013564,1013268,1013564,IGLV2-23*01,IGLV2-23*01,functional,Functional,Yes,Yes,Yes,Yes,,ATGGTCTGGGCTCTGCTCCTCCTCACCCTCCTCACTCAGGGCACAGGT,ATGGTCTGGGCTCTGCTCCTCCTCACCCTCCTCACTCAGGGCACAGGT,GATCCTGGGCT,GATCCTGGGCT,CACAGTG,CACAGTG,ACCAAAACC,ACCAAAACC
1020136,1020425,1020136,1020425,IGLV3-22*01,IGLV3-22*01,functional,Functional,Yes,Yes,Yes,Yes,BLAST alignment was truncated,ATGACCTGGACCACTGTTCTGCTCCCCTTTCTCACTCTCTGCACAGGT,ATGACCTGGACCACTGTTCTGCTCCCCTTTCTCACTCTCTGCACAGGT,GCTCTGAGGCC,GCTCTGAGGCC,CACAGTG,CACAGTG,ACATAAACC,ACATAAACC
,,1023334,1023632,,IGLV3-2*01,,pseudo,No,No,No,No,"Stop codon in leader, Stop codon in V-REGION before 2nd cysteine, BLAST alignment was truncated",,,,,,,,
1028656,1028941,1028656,1028941,IGLV3-20*01,IGLV3-25*01,pseudo,ORF,No,No,Yes,Yes,"Second cysteine not found, BLAST alignment was truncated",ATGGCCTGGTCCCTCTTTTCCTGGGTCTCCTGACTCACTGCACAGGT,CATGGCCTGGTCCCTCTTTTCCTGGGTCTCCTGACTCACTGCACAGGT,GCTCTGTCATC,GCTCTGTCATC,CACAGTG,CACAGTG,ACACAGGCT,ACACAGGCT
1036896,1037192,1036896,1037192,IGLV2-19*01,IGLV2-19*01,functional,Functional,Yes,Yes,Yes,Yes,,ATGGTCTGGGCTCTGCTCCTCCTCACCCTCCTCACTCAGGGCACAGGT,ATGGTCTGGGCTCTGCTCCTCCTCACCCTCCTCACTCAGGGCACAGGT,GATCCTGGGCT,GATCCTGGGCT,CACAGTG,CACAGTG,ATCAAAACC,ATCAAAACC
1046528,1046815,1046528,1046815,IGLV3-18*01,IGLV3-18*02,ORF,ORF,No,No,Yes,Yes,"First cysteine not found, BLAST alignment was truncated",ATGGCCTGGACCCCTCCCCTGCTCACCCTCCTCACTCTCTGCACAGCT,ATGGCCTGGACCCCTCCCCTGCTCACCCTCCTCACTCTCTGCACAGCT,GCTCCGTGGTT,GCTCCGTGGTT,CACAGTG,CACAGTG,ACAGGCAGA,ACAGGCAGA
1056526,1056845,1056525,1056825,IGLV4-17*01,IGLV4-9*01,ORF,pseudo,No,No,No,No,Stop codon in V-REGION before 2nd cysteine,ATGGCCTGTGTCTCCTTCTACCTCCTGCCCTTCATTTTCCCCACAGGT,ATGGCCTGTGTCTCCTTCTACCTCCTGCCCTTCATTTTCCCCACAGGT,GTCTCTGTGCT,GGTCTCTGTGC,CACAGTG,GATGGTG,ACATACCCC,ACAAAGAAG
1060550,1060839,1060550,1060839,IGLV3-16*01,IGLV3-16*01,pseudo,Functional,Yes,Yes,Yes,Yes,BLAST alignment was truncated,ATAGCCTGGATTCCTCTCCTACTCCCCATCCTCACTTTCTGCACAGGT,ATAGCCTGGATTCCTCTCCTACTCCCCATCCTCACTTTCTGCACAGGT,GCTCTGCAGCC,GCTCTGCAGCC,CACAGTG,CACAGTG,ACACAAACC,ACACAAACC
1063214,1063503,1063220,1063503,IGLV3-15*01,IGLV3-2*01,pseudo,pseudo,No,No,Digger is shorter by 6 nt,No,Stop codon in V-REGION before 2nd cysteine,,ACCTTCTGGGAATGGGTCCCTGTCATCAACCCCTCTCTAACCTCCTCT,CTCTGTGCC,GTGCCTCCTAC,CACAGTG,CACAGTG,ACACAACTG,AACACAACT
1067986,1068270,1067986,1068270,IGLV3-14*01,IGLV3-14*01,functional,Functional,Yes,Yes,Yes,Yes,BLAST alignment was truncated,ATGGCCTGGACCGCTCTCCTCCTCAGCCTCCTCGCTCACTTTACAGGT,ATGGCCTGGACCGCTCTCCTCCTCAGCCTCCTCGCTCACTTTACAGGT,GCTCTGTGGCC,GCTCTGTGGCC,CACAGTG,CACAGTG,ACACAAACC,ACACAAACC
1071352,1071648,1071352,1071648,IGLV2-13*01,IGLV2-13*01,functional,Functional,Yes,Yes,Yes,Yes,,ATGACCTGGGCTCTGGTCCTCCTCACCCTCCTCACTCAGGGCACAGGT,ATGACCTGGGCTCTGGTCCTCCTCACCCTCCTCACTCAGGGCACAGGT,GATCCTGGGCT,GATCCTGGGCT,CACAGTG,CACAGTG,ACCAAAACC,ACCAAAACC
,,1076469,1076760,,IGLV3-27*01,,pseudo,No,No,No,No,"Stop codon in leader, Stop codon in V-REGION before 2nd cysteine, BLAST alignment was truncated",,,,,,,,
1095029,1095325,1095029,1095325,IGLV2-11*01,IGLV2-11*01,functional,Functional,Yes,Yes,Yes,Yes,,ATGGCCTGGGCTCTGCTCCTCCTCACCCTCCTCACTCAGGGCACAGGT,ATGGCCTGGGCTCTGCTCCTCCTCACCCTCCTCACTCAGGGCACAGGT,GGTCCTGGGCT,GGTCCTGGGCT,CACAGCG,CACAGCG,ACCAAAACC,ACCAAAACC
1100210,1100485,1100210,1100485,IGLV(II)-10*01,IGLV3-27*01,pseudo,pseudo,No,No,Yes,Yes,"Stop codon in V-REGION before 2nd cysteine, BLAST alignment was truncated",ACGGCTTGGATCCCCTTTCCTGCTCACCCTACTCACTCTCTGCACAGGT,CGGCTTGGATCCCCTTTCCTGCTCACCCTACTCACTCTCTGCACAGGT,GTTTTGTGGCC,GTTTTGTGGCC,CACAGTG,CACAGTG,ACACAAACC,ACACAAACC
1114542,1114855,1114527,1114855,IGLV4-9*01,IGLV4-9*01,functional,Functional,Yes,Yes,Digger is longer by 15 nt,No,BLAST alignment was truncated,ATGGCCTGGGTCTCCTTCTACCTCCTGCCCTTCATTTTCTCCACAGGT,ATGGCCTGGGTCTCCTTCTACCTCCTGCCCTTCATTTTCTCCACAGGT,GTCTCTGTGCT,ATTCTATGTTT,CACAGTG,CACAGTG,CCAAAACCT,GCCAAAACC
,,1116040,1116323,,IGLV3-27*01,,pseudo,No,No,No,No,Stop codon in V-REGION before 2nd cysteine,,,,,,,,
1123971,1124283,1123971,1124283,IGLV2-7*01,IGLV2S7*01,pseudo,pseudo,No,No,Yes,Yes,Stop codon in V-REGION before 2nd cysteine,ATAGCCTGGGCTCTGCTCCTCCTCCCCCTCCTCACTCAGGACACAGGT,ATAGCCTGGGCTCTGCTCCTCCTCCCCCTCCTCACTCAGGACACAGGT,GGTCCTGGGCT,GGTCCTGGGCT,CACAGTG,CACAGTG,ACCAAAACC,ACCAAAACC
1130611,1130903,1130611,1130903,IGLV3-6*01,IGLV3-27*01,pseudo,pseudo,No,No,Yes,Yes,Stop codon in V-REGION before 2nd cysteine,ATGGTCTGGACCCCTCCCCTGCTCACCCTCCTCACTCTCTGCACATGT,ATGGTCTGGACCCCTCCCCTGCTCACCCTCCTCACTCTCTGCACATGT,GCTCTGTGGTT,GCTCTGTGGTT,CACAGTG,CACAGTG,ACAACTATC,ACAACTATC
,,1198649,1198684,,IGLJ2*01,,pseudo,No,No,No,No,J-TRP not found,,,,,,,,
1223454,1223741,1223454,1223741,IGLV(II)-5*01,IGLV3-22*01,pseudo,pseudo,No,No,Yes,Yes,Stop codon in V-REGION before 2nd cysteine,ATGGACTGGACCCCTCATCTGCTCCCCCTCCTCACTCTTTACTCAGGT,ATGGACTGGACCCCTCATCTGCTCCCCCTCCTCACTCTTTACTCAGGT,GTTCCATGGCA,GTTCCATGGCA,CACGTTG,CACGTTG,ACAGACACA,ACAGACACA
1227509,1227803,1227494,1227803,IGLV3-4*01,IGLV3-2*01,pseudo,pseudo,No,No,Digger is longer by 15 nt,No,"Stop codon in V-REGION before 2nd cysteine, BLAST alignment was truncated",ATGACCCTGCTGCAGGTGGATGGGCTGGGGGCTGAAATCCCCCCACACTGT,CCCCAATTTTTCCCTCTCTCCCTCCACCTCCTCGCTCACTGCACAGGT,GCTCCGTGGCC,TTTCTCTCTCT,CGCAGTG,CGCAGTG,ACAGAAGCC,ACAGAAGCC
,,1232277,1232602,,IGLV3-2*01,,pseudo,No,No,No,No,"Stop codon in V-REGION before 2nd cysteine, BLAST alignment was truncated",,,,,,,,
1236539,1236837,1236539,1236837,IGLV3-2*01,IGLV3-2*01,functional,Functional,Yes,Yes,Yes,Yes,,ATGGCCTGGACGCCTCTCCTCCTCAGCCTCCTCGCTCACTGCACAGGT,CAGCCCCAGGGTTCTGGGTCCAGCCTGGCTCTAACTCTGAGCTCAGGA,GCTCTGTGGCC,GCTCTGTGGCC,CACAGTA,CACAGTA,ACAGAAACC,ACAGAAACC
1243077,1243357,1243077,1243357,IGLV3-1*01,IGLV3-2*01,pseudo,pseudo,No,No,Yes,Yes,"Stop codon in V-REGION before 2nd cysteine, BLAST alignment was truncated",ATGGCCTGGACCCCTCTCCTCCTCGCTCACTGCACAGGT,ATGGCCTGGACCCCTCTCCTCCTCGCTCACTGCACAGGTGCTGCCCCC,GTTCCATGGCC,GTTCCATGGCC,CACAGTG,CACAGTG,ACAGAAACC,ACAGAAACC
,,1255666,1255706,,IGLJ1*01,,Functional,No,No,No,No,,,,,,,,,
,,1261573,1261611,,IGLJ2*01,,Functional,No,No,No,No,,,,,,,,,
,,1267150,1267190,,IGLJ2A*01,,Functional,No,No,No,No,,,,,,,,,
,,1272515,1272553,,IGLJ2*01,,Functional,No,No,No,No,,,,,,,,,
,,1278344,1278387,,IGLJ4*01,,pseudo,No,No,No,No,J-TRP not found,,,,,,,,
,,1282065,1282100,,IGLJ5*01,,Functional,No,No,No,No,,,,,,,,,
,,1285920,1285960,,IGLJ6*01,,Functional,No,No,No,No,,,,,,,,,
,,1289151,1289191,,IGLJ7*01,,Functional,No,No,No,No,,,,,,,,,
